state;policy_target;value_target
[0, 1, 0, 1, 1, 5, 1, 5, 2, 2, 2, 2, 0, 3, 0, 3, 4, 4, 4, 4, 5, 3, 5, 3];[0.19380121125757035, 0.057356608478802994, 0.07481296758104738, 0.02493765586034913, 0.06163163519771998, 0.1841824011400071, 0.06163163519771998, 0.07552547203420021, 0.06626291414321339, 0.019593872461702886, 0.12290701816886355, 0.06127538297114357];0.5773502691896258
[0, 0, 0, 0, 1, 1, 1, 1, 2, 2, 2, 2, 3, 3, 3, 3, 4, 4, 4, 4, 5, 5, 5, 5];[0.05415860735009671, 0.06769825918762089, 0.10831721470019343, 0.061895551257253385, 0.09090909090909091, 0.15860735009671179, 0.09477756286266925, 0.10638297872340426, 0.07736943907156674, 0.07156673114119923, 0.0735009671179884, 0.05415860735009671];0.7071067811865475
[2, 2, 0, 0, 1, 1, 1, 1, 2, 5, 2, 5, 3, 3, 3, 3, 0, 4, 0, 4, 5, 5, 4, 4];[0.0625, 0.0625, 0.0625, 0.15625, 0.0625, 0.09375, 0.0625, 0.125, 0.15625, 0.34375, 0.0625, 0.0625];1.0
[2, 2, 0, 0, 1, 1, 2, 5, 2, 5, 3, 3, 3, 3, 0, 4, 0, 4, 1, 1, 5, 4, 5, 4];[0.18181818181818182, 0.0, 0.18181818181818182, 0.18181818181818182, 0.0, 0.18181818181818182, 0.0, 0.18181818181818182, 0.18181818181818182, 0.18181818181818182, 0.18181818181818182, 0.18181818181818182];0.7071067811865475
[5, 5, 0, 0, 1, 1, 1, 1, 2, 4, 2, 4, 3, 3, 3, 3, 2, 4, 2, 4, 5, 5, 0, 0];[0.0, 0.0, 0.0, 0.0, 0.0, 0.4, 0.4, 0.0, 0.0, 0.0, 0.0, 0.4];0.7071067811865475
[3, 2, 3, 0, 2, 1, 0, 1, 2, 5, 2, 5, 3, 4, 3, 5, 0, 0, 4, 4, 1, 5, 1, 4];[0.5, 0.0, 0.0, 0.0, 0.0, 0.0, 0.0, 0.5, 0.0, 0.0, 0.0, 0.0];0.7071067811865475
[2, 3, 0, 3, 1, 2, 1, 0, 5, 5, 2, 2, 4, 3, 5, 3, 0, 4, 0, 4, 5, 1, 4, 1];[0.0, 0.6666666666666666, 0.0, 0.0, 0.0, 0.0, 0.0, 0.0, 0.0, 0.0, 0.0, 0.0];0.7071067811865475
[2, 2, 0, 0, 1, 1, 0, 4, 2, 5, 1, 1, 3, 3, 2, 5, 0, 4, 3, 3, 4, 5, 4, 5];[0.4, 0.0, 0.0, 0.0, 0.0, 0.0, 0.4, 0.4, 0.0, 0.0, 0.0, 0.0];0.7071067811865475
[3, 0, 3, 0, 0, 1, 0, 1, 2, 2, 2, 2, 3, 5, 3, 5, 4, 4, 4, 4, 1, 5, 1, 5];[0.10909090909090909, 0.03636363636363636, 0.03636363636363636, 0.03636363636363636, 0.2, 0.2, 0.03636363636363636, 0.03636363636363636, 0.16363636363636364, 0.16363636363636364, 0.12727272727272726, 0.03636363636363636];1.0
[3, 1, 3, 1, 0, 5, 0, 5, 2, 2, 2, 2, 0, 5, 0, 5, 4, 4, 4, 4, 1, 3, 1, 3];[0.18181818181818182, 0.18181818181818182, 0.18181818181818182, 0.18181818181818182, 0.18181818181818182, 0.18181818181818182, 0.18181818181818182, 0.0, 0.18181818181818182, 0.0, 0.18181818181818182, 0.0];0.7071067811865475
[3, 0, 4, 4, 0, 0, 1, 1, 3, 2, 0, 2, 3, 5, 3, 5, 4, 1, 4, 5, 2, 2, 1, 5];[0.0, 0.0, 0.0, 0.0, 0.3333333333333333, 0.0, 0.3333333333333333, 0.0, 0.0, 0.3333333333333333, 0.3333333333333333, 0.0];0.7071067811865475
[3, 0, 3, 0, 0, 1, 2, 2, 2, 2, 3, 5, 3, 5, 4, 4, 4, 4, 0, 1, 5, 5, 1, 1];[0.2222222222222222, 0.0, 0.2222222222222222, 0.2222222222222222, 0.0, 0.2222222222222222, 0.2222222222222222, 0.2222222222222222, 0.0, 0.2222222222222222, 0.0, 0.0];0.7071067811865475
[3, 0, 3, 0, 0, 1, 4, 4, 2, 2, 0, 1, 3, 5, 2, 2, 4, 4, 3, 5, 1, 1, 5, 5];[0.2222222222222222, 0.2222222222222222, 0.2222222222222222, 0.0, 0.0, 0.2222222222222222, 0.2222222222222222, 0.0, 0.2222222222222222, 0.0, 0.2222222222222222, 0.0];0.7071067811865475
[0, 0, 3, 3, 4, 4, 0, 1, 0, 1, 2, 2, 2, 2, 3, 5, 3, 5, 4, 4, 1, 5, 1, 5];[0.2857142857142857, 0.0, 0.0, 0.2857142857142857, 0.2857142857142857, 0.2857142857142857, 0.0, 0.0, 0.0, 0.0, 0.0, 0.2857142857142857];0.7071067811865475
[3, 3, 3, 3, 0, 0, 0, 0, 2, 2, 2, 2, 5, 5, 5, 5, 4, 4, 4, 4, 1, 1, 1, 1];[0.18181818181818182, 0.0, 0.18181818181818182, 0.18181818181818182, 0.18181818181818182, 0.18181818181818182, 0.18181818181818182, 0.18181818181818182, 0.18181818181818182, 0.18181818181818182, 0.0, 0.0];0.7071067811865475
[1, 0, 1, 0, 5, 1, 5, 1, 2, 2, 2, 2, 3, 0, 3, 0, 4, 4, 4, 4, 3, 5, 3, 5];[0.04081632653061224, 0.04081632653061224, 0.08163265306122448, 0.04081632653061224, 0.08163265306122448, 0.20408163265306123, 0.3877551020408163, 0.04081632653061224, 0.04081632653061224, 0.16326530612244897, 0.04081632653061224, 0.04081632653061224];1.0
[1, 0, 1, 0, 5, 1, 2, 2, 2, 2, 3, 0, 3, 0, 4, 4, 4, 4, 5, 1, 5, 5, 3, 3];[0.25, 0.0, 0.0, 0.0, 0.0, 0.25, 0.25, 0.25, 0.25, 0.25, 0.0, 0.0];0.7071067811865475
[1, 3, 1, 3, 5, 0, 5, 0, 2, 2, 2, 2, 5, 0, 5, 0, 4, 4, 4, 4, 3, 1, 3, 1];[0.2, 0.0, 0.2, 0.2, 0.2, 0.2, 0.2, 0.0, 0.0, 0.0, 0.2, 0.2];0.7071067811865475
[4, 4, 1, 0, 5, 1, 5, 1, 2, 1, 2, 0, 0, 0, 3, 3, 3, 4, 5, 4, 3, 5, 2, 2];[0.0, 0.0, 0.0, 0.0, 0.0, 0.0, 0.5, 0.0, 0.0, 0.5, 0.0, 0.0];0.7071067811865475
[5, 0, 5, 0, 3, 1, 3, 1, 2, 2, 2, 2, 3, 1, 3, 1, 4, 4, 4, 4, 0, 5, 0, 5];[0.10526315789473684, 0.10526315789473684, 0.10526315789473684, 0.10526315789473684, 0.10526315789473684, 0.10526315789473684, 0.2631578947368421, 0.21052631578947367, 0.10526315789473684, 0.10526315789473684, 0.10526315789473684, 0.10526315789473684];0.7071067811865475
[1, 0, 1, 0, 5, 1, 5, 1, 2, 2, 2, 2, 3, 0, 3, 0, 4, 4, 4, 4, 3, 5, 3, 5];[0.0, 0.0, 0.0, 0.0, 0.0, 0.5, 0.0, 0.0, 0.5, 0.0, 0.0, 0.0];1.0
[3, 0, 3, 0, 0, 1, 0, 1, 2, 2, 2, 2, 3, 5, 3, 5, 4, 4, 4, 4, 1, 5, 1, 5];[0.0, 0.0, 0.0, 0.0, 0.0, 0.0, 0.4, 0.0, 0.0, 0.4, 0.4, 0.0];1.0
[1, 1, 1, 1, 5, 5, 5, 5, 2, 2, 2, 2, 0, 0, 0, 0, 4, 4, 4, 4, 3, 3, 3, 3];[0.0, 0.5, 0.0, 0.0, 0.0, 0.0, 0.0, 0.5, 0.0, 0.0, 0.0, 0.0];0.7071067811865475
[0, 0, 0, 0, 1, 1, 2, 2, 2, 2, 3, 3, 3, 3, 4, 4, 4, 4, 1, 1, 5, 5, 5, 5];[0.05405405405405406, 0.05405405405405406, 0.16216216216216217, 0.13513513513513514, 0.05405405405405406, 0.16216216216216217, 0.05405405405405406, 0.05405405405405406, 0.05405405405405406, 0.1891891891891892, 0.16216216216216217, 0.13513513513513514];1.0
[0, 0, 0, 0, 1, 1, 3, 3, 2, 2, 4, 4, 3, 3, 1, 1, 4, 4, 2, 2, 5, 5, 5, 5];[0.0, 0.2857142857142857, 0.2857142857142857, 0.0, 0.2857142857142857, 0.0, 0.0, 0.2857142857142857, 0.2857142857142857, 0.0, 0.0, 0.0];0.7071067811865475
[2, 3, 0, 0, 1, 1, 2, 2, 2, 5, 3, 5, 4, 3, 4, 3, 0, 4, 0, 1, 5, 5, 4, 1];[0.0, 0.0, 0.4, 0.4, 0.0, 0.0, 0.0, 0.0, 0.4, 0.0, 0.0, 0.0];0.7071067811865475
[0, 4, 0, 3, 1, 0, 2, 0, 2, 3, 2, 3, 5, 3, 5, 4, 4, 4, 1, 1, 5, 1, 5, 2];[0.0, 0.0, 0.0, 0.3333333333333333, 0.3333333333333333, 0.3333333333333333, 0.0, 0.3333333333333333, 0.0, 0.0, 0.0, 0.0];0.7071067811865475
[0, 0, 0, 0, 2, 2, 2, 2, 3, 3, 3, 3, 4, 4, 4, 4, 1, 1, 1, 1, 5, 5, 5, 5];[0.0, 0.0, 0.0, 0.4, 0.0, 0.4, 0.0, 0.4, 0.0, 0.0, 0.0, 0.0];0.7071067811865475
[1, 4, 0, 0, 1, 1, 2, 2, 2, 0, 3, 0, 3, 4, 3, 4, 5, 4, 5, 1, 5, 5, 3, 2];[0.3333333333333333, 0.0, 0.3333333333333333, 0.0, 0.0, 0.3333333333333333, 0.0, 0.0, 0.0, 0.0, 0.0, 0.3333333333333333];0.7071067811865475
[0, 0, 0, 0, 4, 4, 2, 2, 1, 1, 3, 3, 2, 2, 4, 4, 3, 3, 1, 1, 5, 5, 5, 5];[0.0, 0.0, 0.0, 0.0, 0.0, 0.0, 0.0, 0.3333333333333333, 0.0, 0.3333333333333333, 0.3333333333333333, 0.3333333333333333];0.7071067811865475
[0, 0, 4, 4, 1, 1, 1, 1, 0, 2, 0, 2, 3, 3, 3, 3, 4, 5, 4, 5, 2, 2, 5, 5];[0.17857142857142858, 0.07142857142857142, 0.07142857142857142, 0.17857142857142858, 0.07142857142857142, 0.07142857142857142, 0.10714285714285714, 0.10714285714285714, 0.14285714285714285, 0.14285714285714285, 0.10714285714285714, 0.10714285714285714];1.0
[0, 0, 4, 4, 1, 1, 0, 2, 0, 2, 3, 3, 3, 3, 4, 5, 4, 5, 1, 1, 2, 5, 2, 5];[0.5, 0.0, 0.0, 0.0, 0.0, 0.0, 0.0, 0.0, 0.0, 0.0, 0.0, 0.5];0.7071067811865475
[1, 0, 1, 4, 2, 1, 5, 1, 0, 2, 0, 2, 3, 4, 3, 0, 5, 5, 4, 4, 3, 2, 3, 5];[0.0, 0.0, 0.0, 0.0, 0.0, 0.6666666666666666, 0.0, 0.0, 0.0, 0.0, 0.0, 0.0];0.7071067811865475
[4, 0, 4, 0, 0, 2, 1, 1, 3, 3, 0, 2, 4, 5, 3, 3, 1, 1, 4, 5, 2, 2, 5, 5];[0.0, 0.0, 0.0, 0.0, 0.6666666666666666, 0.0, 0.0, 0.0, 0.0, 0.0, 0.0, 0.0];0.7071067811865475
[2, 2, 4, 4, 1, 1, 1, 1, 0, 5, 0, 5, 3, 3, 3, 3, 0, 5, 0, 5, 2, 2, 4, 4];[0.0, 0.0, 0.0, 0.4, 0.0, 0.0, 0.4, 0.0, 0.4, 0.0, 0.0, 0.0];0.7071067811865475
[3, 0, 3, 4, 0, 1, 4, 1, 0, 2, 0, 2, 3, 5, 3, 2, 4, 4, 5, 5, 1, 2, 1, 5];[0.0, 0.0, 0.0, 0.0, 0.0, 0.0, 0.6666666666666666, 0.0, 0.0, 0.0, 0.0, 0.0];0.7071067811865475
[0, 4, 0, 4, 4, 5, 1, 1, 1, 1, 0, 2, 0, 2, 3, 3, 3, 3, 4, 5, 2, 2, 5, 5];[0.0, 0.0, 0.0, 0.0, 0.0, 0.0, 0.0, 0.6666666666666666, 0.0, 0.0, 0.0, 0.0];0.7071067811865475
[0, 0, 4, 4, 1, 1, 4, 5, 0, 2, 1, 1, 3, 3, 0, 2, 4, 5, 3, 3, 5, 2, 5, 2];[0.0, 0.0, 0.0, 0.0, 0.0, 0.0, 0.0, 0.5, 0.0, 0.0, 0.5, 0.0];0.7071067811865475
[0, 0, 5, 5, 1, 1, 1, 1, 4, 2, 4, 2, 3, 3, 3, 3, 4, 2, 4, 2, 0, 0, 5, 5];[0.4, 0.0, 0.0, 0.0, 0.0, 0.0, 0.0, 0.0, 0.4, 0.4, 0.0, 0.0];0.7071067811865475
[0, 3, 0, 3, 1, 0, 1, 0, 2, 2, 2, 2, 5, 3, 5, 3, 4, 4, 4, 4, 5, 1, 5, 1];[0.07317073170731707, 0.024390243902439025, 0.15853658536585366, 0.024390243902439025, 0.024390243902439025, 0.25609756097560976, 0.024390243902439025, 0.0975609756097561, 0.06097560975609756, 0.036585365853658534, 0.3170731707317073, 0.024390243902439025];1.0
[0, 5, 0, 5, 1, 3, 1, 3, 2, 2, 2, 2, 1, 3, 1, 3, 4, 4, 4, 4, 5, 0, 5, 0];[0.09523809523809523, 0.09523809523809523, 0.09523809523809523, 0.09523809523809523, 0.23809523809523808, 0.2857142857142857, 0.09523809523809523, 0.09523809523809523, 0.09523809523809523, 0.09523809523809523, 0.09523809523809523, 0.09523809523809523];0.7071067811865475
[0, 3, 0, 3, 1, 0, 1, 0, 2, 2, 2, 2, 5, 3, 5, 3, 4, 4, 4, 4, 5, 1, 5, 1];[0.0, 0.0, 0.0, 0.0, 0.0, 0.4, 0.0, 0.4, 0.0, 0.0, 0.4, 0.0];1.0
[0, 1, 0, 1, 1, 5, 1, 5, 2, 2, 2, 2, 0, 3, 0, 3, 4, 4, 4, 4, 5, 3, 5, 3];[0.0, 0.3333333333333333, 0.0, 0.0, 0.0, 0.3333333333333333, 0.3333333333333333, 0.0, 0.0, 0.0, 0.3333333333333333, 0.0];1.0
[0, 3, 0, 3, 1, 0, 4, 4, 2, 2, 1, 0, 5, 3, 2, 2, 4, 4, 5, 3, 5, 5, 1, 1];[0.0, 0.0, 0.4, 0.4, 0.0, 0.0, 0.0, 0.0, 0.0, 0.4, 0.0, 0.0];0.7071067811865475
[0, 3, 0, 3, 1, 0, 2, 2, 2, 2, 5, 3, 5, 3, 4, 4, 4, 4, 1, 0, 1, 1, 5, 5];[0.0, 0.0, 0.0, 0.0, 0.0, 0.6666666666666666, 0.0, 0.0, 0.0, 0.0, 0.0, 0.0];0.7071067811865475
[0, 3, 4, 4, 1, 1, 0, 0, 0, 2, 3, 2, 5, 3, 5, 3, 4, 5, 4, 1, 2, 2, 5, 1];[0.0, 0.0, 0.0, 0.0, 0.3333333333333333, 0.3333333333333333, 0.3333333333333333, 0.0, 0.3333333333333333, 0.0, 0.0, 0.0];0.7071067811865475
[3, 3, 0, 0, 4, 4, 1, 0, 1, 0, 2, 2, 2, 2, 5, 3, 5, 3, 4, 4, 5, 1, 5, 1];[0.07692307692307693, 0.07692307692307693, 0.07692307692307693, 0.07692307692307693, 0.07692307692307693, 0.07692307692307693, 0.07692307692307693, 0.07692307692307693, 0.07692307692307693, 0.07692307692307693, 0.07692307692307693, 0.5384615384615384];0.7071067811865475
[0, 3, 0, 3, 1, 0, 1, 0, 2, 2, 2, 2, 5, 3, 5, 3, 4, 4, 4, 4, 5, 1, 5, 1];[0.14285714285714285, 0.14285714285714285, 0.14285714285714285, 0.14285714285714285, 0.14285714285714285, 0.14285714285714285, 0.14285714285714285, 0.14285714285714285, 0.14285714285714285, 0.14285714285714285, 0.14285714285714285, 0.14285714285714285];1.0
[4, 4, 0, 3, 1, 0, 1, 0, 2, 0, 2, 3, 3, 3, 5, 5, 5, 4, 1, 4, 5, 1, 2, 2];[0.15384615384615385, 0.15384615384615385, 0.15384615384615385, 0.15384615384615385, 0.0, 0.15384615384615385, 0.15384615384615385, 0.15384615384615385, 0.15384615384615385, 0.15384615384615385, 0.15384615384615385, 0.15384615384615385];0.7071067811865475
[3, 3, 3, 3, 0, 0, 0, 0, 2, 2, 2, 2, 5, 5, 5, 5, 4, 4, 4, 4, 1, 1, 1, 1];[0.0, 0.0, 0.25, 0.25, 0.0, 0.25, 0.25, 0.0, 0.0, 0.25, 0.25, 0.0];0.7071067811865475
[0, 0, 0, 0, 2, 2, 1, 1, 3, 3, 2, 2, 4, 4, 3, 3, 1, 1, 4, 4, 5, 5, 5, 5];[0.10714285714285714, 0.17857142857142858, 0.07142857142857142, 0.07142857142857142, 0.07142857142857142, 0.2857142857142857, 0.07142857142857142, 0.07142857142857142, 0.17857142857142858, 0.10714285714285714, 0.07142857142857142, 0.07142857142857142];1.0
[0, 0, 0, 0, 2, 2, 4, 4, 3, 3, 1, 1, 4, 4, 2, 2, 1, 1, 3, 3, 5, 5, 5, 5];[0.0, 0.0, 0.0, 0.4, 0.0, 0.4, 0.0, 0.0, 0.0, 0.0, 0.0, 0.4];0.7071067811865475
[0, 0, 0, 0, 2, 2, 2, 2, 3, 3, 3, 3, 4, 4, 4, 4, 1, 1, 1, 1, 5, 5, 5, 5];[0.0, 0.0, 0.0, 0.0, 0.0, 0.0, 0.6666666666666666, 0.0, 0.0, 0.0, 0.0, 0.0];0.7071067811865475
[0, 3, 0, 4, 2, 0, 1, 0, 3, 2, 3, 2, 5, 4, 5, 3, 1, 1, 4, 4, 5, 2, 5, 1];[0.0, 0.25, 0.25, 0.25, 0.25, 0.25, 0.0, 0.0, 0.0, 0.0, 0.0, 0.25];0.7071067811865475
[0, 0, 3, 2, 2, 1, 2, 1, 5, 3, 5, 2, 4, 4, 3, 3, 1, 0, 4, 0, 1, 4, 5, 5];[0.4, 0.0, 0.0, 0.0, 0.0, 0.0, 0.0, 0.0, 0.4, 0.0, 0.0, 0.4];0.7071067811865475
[0, 0, 4, 1, 1, 2, 1, 2, 0, 3, 0, 2, 4, 4, 3, 3, 1, 5, 4, 5, 2, 3, 5, 5];[0.0, 0.0, 0.0, 0.0, 0.0, 0.0, 0.0, 0.0, 0.0, 0.0, 0.6666666666666666, 0.0];0.7071067811865475
[0, 1, 0, 1, 1, 5, 1, 5, 2, 2, 2, 2, 0, 3, 0, 3, 4, 4, 4, 4, 5, 3, 5, 3];[0.40425531914893614, 0.10638297872340426, 0.0425531914893617, 0.0425531914893617, 0.0425531914893617, 0.0425531914893617, 0.1276595744680851, 0.14893617021276595, 0.0425531914893617, 0.0425531914893617, 0.0425531914893617, 0.1276595744680851];1.0
[0, 0, 1, 1, 2, 2, 1, 5, 0, 3, 2, 2, 4, 4, 0, 3, 1, 5, 4, 4, 5, 3, 5, 3];[0.0, 0.0, 0.3333333333333333, 0.0, 0.0, 0.3333333333333333, 0.3333333333333333, 0.0, 0.0, 0.3333333333333333, 0.0, 0.0];0.7071067811865475
[0, 1, 4, 4, 1, 1, 5, 5, 0, 2, 1, 2, 0, 3, 0, 3, 4, 5, 4, 3, 2, 2, 5, 3];[0.10526315789473684, 0.3684210526315789, 0.10526315789473684, 0.10526315789473684, 0.10526315789473684, 0.10526315789473684, 0.10526315789473684, 0.10526315789473684, 0.10526315789473684, 0.10526315789473684, 0.10526315789473684, 0.10526315789473684];0.7071067811865475
[0, 1, 0, 1, 1, 5, 1, 5, 2, 2, 2, 2, 0, 3, 0, 3, 4, 4, 4, 4, 5, 3, 5, 3];[0.0, 0.2857142857142857, 0.0, 0.0, 0.2857142857142857, 0.0, 0.2857142857142857, 0.0, 0.2857142857142857, 0.0, 0.2857142857142857, 0.0];1.0
[3, 1, 3, 1, 0, 5, 0, 5, 2, 2, 2, 2, 0, 5, 0, 5, 4, 4, 4, 4, 1, 3, 1, 3];[0.0, 0.0, 0.2857142857142857, 0.2857142857142857, 0.2857142857142857, 0.2857142857142857, 0.0, 0.2857142857142857, 0.0, 0.0, 0.0, 0.0];0.7071067811865475
[1, 1, 1, 1, 5, 5, 5, 5, 2, 2, 2, 2, 0, 0, 0, 0, 4, 4, 4, 4, 3, 3, 3, 3];[0.3333333333333333, 0.0, 0.0, 0.3333333333333333, 0.0, 0.0, 0.0, 0.0, 0.0, 0.3333333333333333, 0.3333333333333333, 0.0];0.7071067811865475
[0, 1, 2, 2, 5, 5, 1, 1, 3, 2, 5, 2, 0, 3, 0, 3, 4, 1, 4, 0, 4, 4, 5, 3];[0.0, 0.0, 0.0, 0.0, 0.0, 0.0, 0.0, 0.4, 0.4, 0.0, 0.4, 0.0];0.7071067811865475
[4, 4, 0, 0, 1, 1, 1, 1, 2, 0, 2, 0, 3, 3, 3, 3, 5, 4, 5, 4, 5, 5, 2, 2];[0.16071428571428573, 0.03571428571428571, 0.03571428571428571, 0.03571428571428571, 0.03571428571428571, 0.14285714285714285, 0.03571428571428571, 0.25, 0.03571428571428571, 0.19642857142857142, 0.05357142857142857, 0.16071428571428573];1.0
[4, 4, 4, 4, 1, 1, 1, 1, 0, 0, 0, 0, 3, 3, 3, 3, 5, 5, 5, 5, 2, 2, 2, 2];[0.0, 0.0, 0.2222222222222222, 0.0, 0.2222222222222222, 0.2222222222222222, 0.2222222222222222, 0.0, 0.2222222222222222, 0.2222222222222222, 0.0, 0.2222222222222222];0.7071067811865475
[3, 4, 3, 0, 4, 1, 0, 1, 2, 0, 2, 0, 3, 2, 3, 5, 5, 5, 4, 4, 1, 5, 1, 2];[0.14285714285714285, 0.14285714285714285, 0.14285714285714285, 0.14285714285714285, 0.14285714285714285, 0.14285714285714285, 0.14285714285714285, 0.14285714285714285, 0.14285714285714285, 0.14285714285714285, 0.14285714285714285, 0.14285714285714285];0.7071067811865475
[4, 4, 0, 0, 1, 1, 2, 0, 2, 0, 3, 3, 3, 3, 5, 4, 5, 4, 1, 1, 5, 2, 5, 2];[0.18181818181818182, 0.18181818181818182, 0.18181818181818182, 0.0, 0.0, 0.18181818181818182, 0.18181818181818182, 0.18181818181818182, 0.18181818181818182, 0.18181818181818182, 0.18181818181818182, 0.0];0.7071067811865475
[4, 3, 0, 3, 1, 4, 1, 0, 0, 0, 2, 2, 2, 3, 5, 3, 5, 4, 5, 4, 5, 1, 2, 1];[0.0, 0.25, 0.25, 0.0, 0.0, 0.0, 0.25, 0.25, 0.0, 0.25, 0.0, 0.25];0.7071067811865475
[4, 0, 4, 0, 5, 4, 1, 1, 1, 1, 2, 0, 2, 0, 3, 3, 3, 3, 5, 4, 5, 5, 2, 2];[0.0, 0.0, 0.0, 0.0, 0.0, 0.0, 0.6666666666666666, 0.0, 0.0, 0.0, 0.0, 0.0];0.7071067811865475
[0, 4, 0, 4, 2, 0, 1, 1, 3, 3, 2, 0, 5, 4, 3, 3, 1, 1, 5, 4, 5, 5, 2, 2];[0.2222222222222222, 0.2222222222222222, 0.0, 0.0, 0.0, 0.0, 0.2222222222222222, 0.2222222222222222, 0.2222222222222222, 0.2222222222222222, 0.0, 0.2222222222222222];0.7071067811865475
[0, 0, 0, 0, 1, 1, 4, 4, 2, 2, 1, 1, 3, 3, 2, 2, 4, 4, 3, 3, 5, 5, 5, 5];[0.225, 0.05, 0.25, 0.175, 0.05, 0.05, 0.05, 0.15, 0.1, 0.05, 0.05, 0.05];1.0
[2, 1, 0, 0, 1, 1, 4, 4, 2, 5, 1, 5, 2, 3, 2, 3, 0, 4, 0, 3, 5, 5, 4, 3];[0.0, 0.0, 0.0, 0.2857142857142857, 0.0, 0.2857142857142857, 0.2857142857142857, 0.0, 0.0, 0.2857142857142857, 0.0, 0.2857142857142857];0.7071067811865475
[0, 0, 3, 4, 4, 1, 4, 1, 0, 2, 0, 1, 3, 3, 2, 2, 4, 5, 3, 5, 1, 2, 5, 5];[0.0, 0.0, 0.2222222222222222, 0.2222222222222222, 0.0, 0.2222222222222222, 0.2222222222222222, 0.0, 0.2222222222222222, 0.2222222222222222, 0.2222222222222222, 0.0];0.7071067811865475
[2, 0, 3, 0, 0, 1, 0, 4, 2, 2, 1, 1, 3, 5, 2, 5, 3, 4, 3, 4, 1, 5, 4, 5];[0.3333333333333333, 0.3333333333333333, 0.0, 0.3333333333333333, 0.0, 0.3333333333333333, 0.0, 0.0, 0.0, 0.0, 0.0, 0.0];0.7071067811865475
[0, 0, 0, 0, 1, 1, 3, 3, 2, 2, 4, 4, 3, 3, 1, 1, 4, 4, 2, 2, 5, 5, 5, 5];[0.0, 0.5, 0.0, 0.0, 0.0, 0.0, 0.0, 0.0, 0.5, 0.0, 0.0, 0.0];0.7071067811865475
[3, 4, 0, 0, 1, 1, 4, 4, 2, 0, 1, 0, 3, 2, 3, 2, 5, 4, 5, 3, 5, 5, 1, 2];[0.2, 0.0, 0.0, 0.2, 0.2, 0.2, 0.2, 0.2, 0.2, 0.0, 0.2, 0.0];0.7071067811865475
[0, 0, 2, 2, 1, 1, 1, 1, 5, 2, 5, 2, 3, 3, 3, 3, 4, 0, 4, 0, 4, 4, 5, 5];[0.05714285714285714, 0.05714285714285714, 0.11428571428571428, 0.05714285714285714, 0.05714285714285714, 0.17142857142857143, 0.05714285714285714, 0.05714285714285714, 0.34285714285714286, 0.11428571428571428, 0.05714285714285714, 0.14285714285714285];1.0
[0, 0, 2, 2, 1, 1, 4, 0, 5, 2, 1, 1, 3, 3, 5, 2, 4, 0, 3, 3, 5, 4, 5, 4];[0.16666666666666666, 0.16666666666666666, 0.16666666666666666, 0.16666666666666666, 0.16666666666666666, 0.16666666666666666, 0.0, 0.16666666666666666, 0.16666666666666666, 0.16666666666666666, 0.16666666666666666, 0.0];0.7071067811865475
[4, 4, 2, 2, 1, 1, 1, 1, 5, 0, 5, 0, 3, 3, 3, 3, 5, 0, 5, 0, 4, 4, 2, 2];[0.0, 0.0, 0.0, 0.0, 0.0, 0.0, 0.5, 0.0, 0.0, 0.0, 0.5, 0.0];0.7071067811865475
[2, 0, 2, 0, 5, 2, 1, 1, 3, 3, 5, 2, 4, 0, 3, 3, 1, 1, 4, 0, 4, 4, 5, 5];[0.0, 0.0, 0.0, 0.0, 0.0, 0.0, 0.4, 0.0, 0.4, 0.0, 0.4, 0.0];0.7071067811865475
[0, 0, 2, 2, 1, 1, 5, 2, 5, 2, 3, 3, 3, 3, 4, 0, 4, 0, 1, 1, 4, 5, 4, 5];[0.0, 0.0, 0.0, 0.0, 0.5, 0.0, 0.5, 0.0, 0.0, 0.0, 0.0, 0.0];0.7071067811865475
[0, 3, 2, 3, 1, 0, 1, 2, 2, 2, 5, 5, 5, 3, 4, 3, 4, 0, 4, 0, 4, 1, 5, 1];[0.0, 0.3333333333333333, 0.0, 0.3333333333333333, 0.0, 0.0, 0.0, 0.0, 0.0, 0.0, 0.3333333333333333, 0.3333333333333333];0.7071067811865475
[0, 0, 0, 0, 4, 4, 1, 1, 1, 1, 2, 2, 2, 2, 3, 3, 3, 3, 4, 4, 5, 5, 5, 5];[0.05263157894736842, 0.05263157894736842, 0.18421052631578946, 0.05263157894736842, 0.05263157894736842, 0.15789473684210525, 0.10526315789473684, 0.2631578947368421, 0.05263157894736842, 0.18421052631578946, 0.05263157894736842, 0.05263157894736842];1.0
[3, 0, 2, 0, 0, 4, 0, 1, 1, 1, 2, 2, 2, 5, 3, 5, 4, 3, 4, 3, 4, 5, 1, 5];[0.0, 0.2, 0.2, 0.2, 0.2, 0.2, 0.0, 0.2, 0.0, 0.0, 0.2, 0.2];0.7071067811865475
[0, 0, 0, 0, 4, 4, 2, 2, 1, 1, 3, 3, 2, 2, 4, 4, 3, 3, 1, 1, 5, 5, 5, 5];[0.2857142857142857, 0.0, 0.0, 0.2857142857142857, 0.0, 0.2857142857142857, 0.0, 0.2857142857142857, 0.0, 0.0, 0.0, 0.2857142857142857];0.7071067811865475
[4, 3, 0, 0, 4, 4, 1, 1, 1, 0, 2, 0, 2, 3, 2, 3, 5, 3, 5, 4, 5, 5, 2, 1];[0.0, 0.0, 0.2857142857142857, 0.0, 0.0, 0.2857142857142857, 0.2857142857142857, 0.2857142857142857, 0.0, 0.0, 0.0, 0.2857142857142857];0.7071067811865475
[0, 3, 0, 2, 4, 0, 1, 0, 1, 2, 1, 2, 5, 2, 5, 3, 3, 3, 4, 4, 5, 4, 5, 1];[0.0, 0.3333333333333333, 0.0, 0.0, 0.0, 0.0, 0.3333333333333333, 0.0, 0.3333333333333333, 0.0, 0.3333333333333333, 0.0];0.7071067811865475
[4, 0, 1, 0, 5, 4, 5, 1, 1, 1, 2, 2, 2, 0, 3, 0, 3, 4, 3, 4, 3, 5, 2, 5];[0.0, 0.0, 0.0, 0.0, 0.0, 0.5, 0.5, 0.0, 0.0, 0.0, 0.0, 0.0];0.7071067811865475
[0, 1, 2, 2, 5, 5, 1, 1, 3, 2, 5, 2, 0, 3, 0, 3, 4, 1, 4, 0, 4, 4, 5, 3];[0.9130434782608695, 0.012422360248447204, 0.012422360248447204, 0.012422360248447204, 0.012422360248447204, 0.012422360248447204, 0.012422360248447204, 0.012422360248447204, 0.024844720496894408, 0.012422360248447204, 0.012422360248447204, 0.012422360248447204];0.7071067811865475
[0, 1, 2, 2, 5, 5, 4, 0, 3, 2, 1, 1, 0, 3, 5, 2, 4, 1, 0, 3, 5, 4, 3, 4];[0.5, 0.0, 0.0, 0.0, 0.0, 0.0, 0.0, 0.0, 0.0, 0.0, 0.0, 0.5];0.4472135954999579
[0, 1, 0, 1, 1, 5, 1, 5, 2, 2, 2, 2, 0, 3, 0, 3, 4, 4, 4, 4, 5, 3, 5, 3];[0.38095238095238093, 0.10884353741496598, 0.14285714285714285, 0.047619047619047616, 0.12244897959183673, 0.07482993197278912, 0.12244897959183673, 0.013605442176870748, 0.013605442176870748, 0.013605442176870748, 0.013605442176870748, 0.013605442176870748];1.0
[0, 0, 0, 0, 1, 1, 1, 1, 2, 2, 2, 2, 3, 3, 3, 3, 4, 4, 4, 4, 5, 5, 5, 5];[0.18181818181818182, 0.18181818181818182, 0.18181818181818182, 0.18181818181818182, 0.18181818181818182, 0.18181818181818182, 0.0, 0.0, 0.0, 0.18181818181818182, 0.18181818181818182, 0.18181818181818182];0.7071067811865475
[0, 1, 4, 4, 1, 1, 5, 5, 0, 2, 1, 2, 0, 3, 0, 3, 4, 5, 4, 3, 2, 2, 5, 3];[0.03571428571428571, 0.7857142857142857, 0.03571428571428571, 0.03571428571428571, 0.03571428571428571, 0.03571428571428571, 0.03571428571428571, 0.03571428571428571, 0.03571428571428571, 0.03571428571428571, 0.03571428571428571, 0.03571428571428571];0.7071067811865475
[0, 1, 0, 1, 1, 5, 1, 5, 2, 2, 2, 2, 0, 3, 0, 3, 4, 4, 4, 4, 5, 3, 5, 3];[0.3409090909090909, 0.045454545454545456, 0.13636363636363635, 0.045454545454545456, 0.09090909090909091, 0.045454545454545456, 0.09090909090909091, 0.045454545454545456, 0.045454545454545456, 0.045454545454545456, 0.20454545454545456, 0.09090909090909091];1.0
[1, 1, 1, 1, 5, 5, 5, 5, 2, 2, 2, 2, 0, 0, 0, 0, 4, 4, 4, 4, 3, 3, 3, 3];[0.5, 0.5, 0.0, 0.0, 0.0, 0.0, 0.0, 0.0, 0.0, 0.0, 0.0, 0.0];0.7071067811865475
[0, 1, 4, 4, 1, 1, 5, 5, 0, 2, 1, 2, 0, 3, 0, 3, 4, 5, 4, 3, 2, 2, 5, 3];[0.13333333333333333, 0.2, 0.13333333333333333, 0.13333333333333333, 0.13333333333333333, 0.13333333333333333, 0.13333333333333333, 0.13333333333333333, 0.13333333333333333, 0.13333333333333333, 0.13333333333333333, 0.13333333333333333];0.7071067811865475
[0, 1, 0, 1, 1, 5, 1, 5, 2, 2, 2, 2, 0, 3, 0, 3, 4, 4, 4, 4, 5, 3, 5, 3];[0.6666666666666666, 0.0, 0.0, 0.0, 0.0, 0.0, 0.0, 0.0, 0.0, 0.0, 0.0, 0.0];1.0
[4, 4, 0, 1, 1, 5, 1, 5, 2, 0, 2, 1, 3, 3, 0, 0, 5, 4, 3, 4, 5, 3, 2, 2];[0.0, 0.0, 0.0, 0.0, 0.3333333333333333, 0.3333333333333333, 0.3333333333333333, 0.0, 0.0, 0.3333333333333333, 0.0, 0.0];0.7071067811865475
[0, 0, 1, 1, 2, 2, 1, 5, 0, 3, 2, 2, 4, 4, 0, 3, 1, 5, 4, 4, 5, 3, 5, 3];[0.0, 0.5, 0.0, 0.0, 0.5, 0.0, 0.0, 0.0, 0.0, 0.0, 0.0, 0.0];0.7071067811865475
[1, 1, 0, 0, 4, 4, 1, 5, 1, 5, 2, 2, 2, 2, 0, 3, 0, 3, 4, 4, 5, 3, 5, 3];[0.0, 0.2222222222222222, 0.2222222222222222, 0.0, 0.0, 0.2222222222222222, 0.0, 0.2222222222222222, 0.2222222222222222, 0.2222222222222222, 0.0, 0.2222222222222222];0.7071067811865475
[0, 5, 0, 5, 1, 3, 1, 3, 2, 2, 2, 2, 1, 3, 1, 3, 4, 4, 4, 4, 5, 0, 5, 0];[0.0, 0.0, 0.0, 0.0, 0.0, 0.0, 0.0, 0.0, 0.0, 0.0, 0.5, 0.5];0.7071067811865475
[2, 2, 0, 1, 1, 5, 1, 5, 2, 3, 2, 5, 0, 0, 3, 3, 1, 4, 0, 4, 5, 3, 4, 4];[0.0, 0.0, 0.2857142857142857, 0.0, 0.0, 0.0, 0.2857142857142857, 0.2857142857142857, 0.0, 0.2857142857142857, 0.2857142857142857, 0.0];0.7071067811865475
[4, 4, 0, 1, 1, 5, 1, 5, 2, 0, 2, 1, 3, 3, 0, 0, 5, 4, 3, 4, 5, 3, 2, 2];[0.09523809523809523, 0.09523809523809523, 0.09523809523809523, 0.42857142857142855, 0.09523809523809523, 0.09523809523809523, 0.09523809523809523, 0.09523809523809523, 0.09523809523809523, 0.09523809523809523, 0.09523809523809523, 0.09523809523809523];0.7071067811865475
[0, 1, 0, 1, 1, 5, 1, 5, 2, 2, 2, 2, 0, 3, 0, 3, 4, 4, 4, 4, 5, 3, 5, 3];[0.2222222222222222, 0.0, 0.2222222222222222, 0.0, 0.0, 0.2222222222222222, 0.2222222222222222, 0.0, 0.2222222222222222, 0.0, 0.2222222222222222, 0.2222222222222222];1.0
[0, 5, 0, 5, 1, 3, 1, 3, 2, 2, 2, 2, 1, 3, 1, 3, 4, 4, 4, 4, 5, 0, 5, 0];[0.1111111111111111, 0.1111111111111111, 0.1111111111111111, 0.1111111111111111, 0.2222222222222222, 0.2222222222222222, 0.1111111111111111, 0.1111111111111111, 0.1111111111111111, 0.1111111111111111, 0.1111111111111111, 0.1111111111111111];0.7071067811865475
[0, 3, 0, 3, 1, 0, 1, 0, 2, 2, 2, 2, 5, 3, 5, 3, 4, 4, 4, 4, 5, 1, 5, 1];[0.0, 0.0, 0.0, 0.5, 0.0, 0.0, 0.0, 0.0, 0.0, 0.0, 0.0, 0.5];1.0
[0, 1, 0, 1, 1, 5, 1, 5, 2, 2, 2, 2, 0, 3, 0, 3, 4, 4, 4, 4, 5, 3, 5, 3];[0.0, 0.0, 0.5, 0.0, 0.0, 0.5, 0.0, 0.0, 0.0, 0.0, 0.0, 0.0];1.0
[1, 1, 1, 1, 5, 5, 5, 5, 2, 2, 2, 2, 0, 0, 0, 0, 4, 4, 4, 4, 3, 3, 3, 3];[0.1111111111111111, 0.1111111111111111, 0.1111111111111111, 0.1111111111111111, 0.1111111111111111, 0.2777777777777778, 0.1111111111111111, 0.16666666666666666, 0.1111111111111111, 0.1111111111111111, 0.1111111111111111, 0.1111111111111111];0.7071067811865475
[0, 1, 0, 1, 1, 5, 1, 5, 2, 2, 2, 2, 0, 3, 0, 3, 4, 4, 4, 4, 5, 3, 5, 3];[0.0, 0.0, 0.0, 0.0, 0.0, 0.0, 0.0, 0.0, 0.0, 0.0, 0.0, 0.6666666666666666];1.0
[1, 0, 1, 0, 5, 1, 5, 1, 2, 2, 2, 2, 3, 0, 3, 0, 4, 4, 4, 4, 3, 5, 3, 5];[0.0, 0.0, 0.0, 0.0, 0.4, 0.0, 0.0, 0.0, 0.4, 0.4, 0.0, 0.0];1.0
[0, 1, 2, 2, 5, 5, 1, 1, 3, 2, 5, 2, 0, 3, 0, 3, 4, 1, 4, 0, 4, 4, 5, 3];[0.25, 0.125, 0.125, 0.125, 0.125, 0.125, 0.125, 0.125, 0.125, 0.125, 0.125, 0.125];0.7071067811865475
[0, 1, 0, 1, 1, 5, 1, 5, 2, 2, 2, 2, 0, 3, 0, 3, 4, 4, 4, 4, 5, 3, 5, 3];[0.0, 0.0, 0.0, 0.0, 0.0, 0.0, 0.0, 0.0, 0.0, 0.0, 0.5, 0.5];1.0
[1, 1, 0, 0, 4, 4, 1, 5, 1, 5, 2, 2, 2, 2, 0, 3, 0, 3, 4, 4, 5, 3, 5, 3];[0.005797101449275362, 0.008695652173913044, 0.005797101449275362, 0.005797101449275362, 0.005797101449275362, 0.005797101449275362, 0.005797101449275362, 0.005797101449275362, 0.005797101449275362, 0.005797101449275362, 0.005797101449275362, 0.9623188405797102];0.7071067811865475
[1, 1, 1, 2, 4, 5, 4, 1, 3, 5, 5, 2, 2, 2, 0, 3, 0, 0, 4, 0, 3, 4, 5, 3];[0.0, 0.0, 0.0, 0.0, 0.0, 0.0, 0.0, 0.0, 0.0, 0.6666666666666666, 0.0, 0.0];0.03162277660168379
[0, 1, 0, 1, 1, 5, 1, 5, 2, 2, 2, 2, 0, 3, 0, 3, 4, 4, 4, 4, 5, 3, 5, 3];[0.012048192771084338, 0.08433734939759036, 0.11144578313253012, 0.03614457831325301, 0.006024096385542169, 0.27710843373493976, 0.09337349397590361, 0.006024096385542169, 0.09939759036144578, 0.02710843373493976, 0.18373493975903615, 0.09337349397590361];1.0
[0, 1, 4, 4, 1, 1, 5, 5, 0, 2, 1, 2, 0, 3, 0, 3, 4, 5, 4, 3, 2, 2, 5, 3];[0.0, 0.0, 0.0, 0.0, 0.0, 0.0, 0.0, 0.0, 0.5, 0.0, 0.5, 0.0];0.03162277660168379
[0, 1, 0, 1, 1, 5, 2, 2, 2, 2, 0, 3, 0, 3, 4, 4, 4, 4, 1, 5, 3, 3, 5, 5];[0.2222222222222222, 0.2222222222222222, 0.2222222222222222, 0.0, 0.0, 0.0, 0.2222222222222222, 0.2222222222222222, 0.0, 0.2222222222222222, 0.2222222222222222, 0.0];0.7071067811865475
[0, 0, 0, 0, 1, 1, 1, 1, 2, 2, 2, 2, 3, 3, 3, 3, 4, 4, 4, 4, 5, 5, 5, 5];[0.05434782608695652, 0.07608695652173914, 0.11956521739130435, 0.06521739130434782, 0.09782608695652174, 0.17391304347826086, 0.10869565217391304, 0.11956521739130435, 0.08695652173913043, 0.07608695652173914, 0.07608695652173914, 0.05434782608695652];0.7071067811865475
[0, 0, 2, 2, 1, 1, 1, 1, 5, 2, 5, 2, 3, 3, 3, 3, 4, 0, 4, 0, 4, 4, 5, 5];[0.0, 0.2857142857142857, 0.0, 0.0, 0.0, 0.2857142857142857, 0.0, 0.2857142857142857, 0.2857142857142857, 0.0, 0.0, 0.2857142857142857];1.0
[0, 3, 0, 3, 1, 0, 1, 0, 2, 2, 2, 2, 5, 3, 5, 3, 4, 4, 4, 4, 5, 1, 5, 1];[0.125, 0.125, 0.125, 0.125, 0.125, 0.1875, 0.125, 0.125, 0.125, 0.125, 0.1875, 0.125];1.0
[3, 3, 0, 0, 4, 4, 1, 0, 1, 0, 2, 2, 2, 2, 5, 3, 5, 3, 4, 4, 5, 1, 5, 1];[0.0, 0.0, 0.0, 0.0, 0.0, 0.0, 0.6666666666666666, 0.0, 0.0, 0.0, 0.0, 0.0];0.7071067811865475
[0, 5, 0, 5, 1, 3, 1, 3, 2, 2, 2, 2, 1, 3, 1, 3, 4, 4, 4, 4, 5, 0, 5, 0];[0.0, 0.0, 0.0, 0.0, 0.0, 0.0, 0.0, 0.0, 0.0, 0.0, 0.0, 0.6666666666666666];0.7071067811865475
[0, 0, 0, 0, 1, 1, 4, 4, 2, 2, 1, 1, 3, 3, 2, 2, 4, 4, 3, 3, 5, 5, 5, 5];[0.25, 0.25, 0.25, 0.25, 0.0, 0.25, 0.0, 0.0, 0.25, 0.0, 0.0, 0.0];1.0
[4, 4, 0, 0, 1, 1, 1, 1, 2, 0, 2, 0, 3, 3, 3, 3, 5, 4, 5, 4, 5, 5, 2, 2];[0.18181818181818182, 0.18181818181818182, 0.0, 0.18181818181818182, 0.0, 0.18181818181818182, 0.18181818181818182, 0.18181818181818182, 0.18181818181818182, 0.18181818181818182, 0.0, 0.18181818181818182];1.0
[0, 0, 0, 0, 2, 2, 1, 1, 3, 3, 2, 2, 4, 4, 3, 3, 1, 1, 4, 4, 5, 5, 5, 5];[0.0, 0.0, 0.4, 0.0, 0.0, 0.0, 0.0, 0.0, 0.0, 0.4, 0.4, 0.0];1.0
[3, 0, 3, 0, 0, 1, 0, 1, 2, 2, 2, 2, 3, 5, 3, 5, 4, 4, 4, 4, 1, 5, 1, 5];[0.18181818181818182, 0.0, 0.18181818181818182, 0.18181818181818182, 0.18181818181818182, 0.0, 0.18181818181818182, 0.18181818181818182, 0.18181818181818182, 0.18181818181818182, 0.18181818181818182, 0.0];1.0
[0, 1, 0, 1, 1, 5, 1, 5, 2, 2, 2, 2, 0, 3, 0, 3, 4, 4, 4, 4, 5, 3, 5, 3];[0.2222222222222222, 0.0, 0.2222222222222222, 0.0, 0.0, 0.2222222222222222, 0.2222222222222222, 0.2222222222222222, 0.2222222222222222, 0.0, 0.2222222222222222, 0.0];1.0
[0, 0, 0, 0, 4, 4, 1, 1, 1, 1, 2, 2, 2, 2, 3, 3, 3, 3, 4, 4, 5, 5, 5, 5];[0.0, 0.2857142857142857, 0.2857142857142857, 0.0, 0.0, 0.0, 0.2857142857142857, 0.0, 0.0, 0.0, 0.2857142857142857, 0.2857142857142857];1.0
[1, 0, 1, 0, 5, 1, 5, 1, 2, 2, 2, 2, 3, 0, 3, 0, 4, 4, 4, 4, 3, 5, 3, 5];[0.2, 0.0, 0.0, 0.2, 0.0, 0.2, 0.2, 0.2, 0.0, 0.2, 0.2, 0.2];1.0
[2, 2, 0, 0, 1, 1, 1, 1, 2, 5, 2, 5, 3, 3, 3, 3, 0, 4, 0, 4, 5, 5, 4, 4];[0.0, 0.3333333333333333, 0.0, 0.0, 0.0, 0.3333333333333333, 0.0, 0.0, 0.3333333333333333, 0.0, 0.0, 0.3333333333333333];1.0
[0, 0, 0, 0, 1, 1, 2, 2, 2, 2, 3, 3, 3, 3, 4, 4, 4, 4, 1, 1, 5, 5, 5, 5];[0.0, 0.0, 0.0, 0.2857142857142857, 0.0, 0.2857142857142857, 0.2857142857142857, 0.0, 0.0, 0.2857142857142857, 0.2857142857142857, 0.0];1.0
[0, 0, 4, 4, 1, 1, 1, 1, 0, 2, 0, 2, 3, 3, 3, 3, 4, 5, 4, 5, 2, 2, 5, 5];[0.0, 0.0, 0.0, 0.0, 0.0, 0.4, 0.0, 0.0, 0.0, 0.4, 0.0, 0.4];1.0
[0, 1, 0, 1, 1, 5, 4, 4, 2, 2, 1, 5, 0, 3, 2, 2, 4, 4, 0, 3, 5, 5, 3, 3];[0.06060606060606061, 0.06060606060606061, 0.06060606060606061, 0.06060606060606061, 0.06060606060606061, 0.06060606060606061, 0.06060606060606061, 0.06060606060606061, 0.06060606060606061, 0.6363636363636364, 0.06060606060606061, 0.06060606060606061];0.7071067811865475
[0, 1, 0, 1, 1, 5, 1, 5, 2, 2, 2, 2, 0, 3, 0, 3, 4, 4, 4, 4, 5, 3, 5, 3];[0.3333333333333333, 0.09523809523809523, 0.09523809523809523, 0.09523809523809523, 0.09523809523809523, 0.09523809523809523, 0.09523809523809523, 0.09523809523809523, 0.09523809523809523, 0.09523809523809523, 0.19047619047619047, 0.09523809523809523];1.0
[1, 1, 0, 0, 4, 4, 1, 5, 1, 5, 2, 2, 2, 2, 0, 3, 0, 3, 4, 4, 5, 3, 5, 3];[0.0, 0.0, 0.0, 0.0, 0.0, 0.0, 0.5, 0.5, 0.0, 0.0, 0.0, 0.0];0.7071067811865475
[0, 1, 4, 4, 1, 1, 5, 5, 0, 2, 1, 2, 0, 3, 0, 3, 4, 5, 4, 3, 2, 2, 5, 3];[0.2857142857142857, 0.0, 0.2857142857142857, 0.0, 0.0, 0.2857142857142857, 0.2857142857142857, 0.2857142857142857, 0.0, 0.0, 0.0, 0.0];0.7071067811865475
[4, 4, 0, 1, 1, 5, 1, 5, 2, 0, 2, 1, 3, 3, 0, 0, 5, 4, 3, 4, 5, 3, 2, 2];[0.05405405405405406, 0.05405405405405406, 0.05405405405405406, 0.6756756756756757, 0.05405405405405406, 0.05405405405405406, 0.05405405405405406, 0.05405405405405406, 0.05405405405405406, 0.05405405405405406, 0.05405405405405406, 0.05405405405405406];0.7071067811865475
[0, 1, 0, 1, 1, 5, 1, 5, 2, 2, 2, 2, 0, 3, 0, 3, 4, 4, 4, 4, 5, 3, 5, 3];[0.36, 0.08, 0.12, 0.08, 0.08, 0.08, 0.12, 0.12, 0.12, 0.08, 0.08, 0.08];1.0
[0, 1, 0, 1, 1, 5, 4, 4, 2, 2, 1, 5, 0, 3, 2, 2, 4, 4, 0, 3, 5, 5, 3, 3];[0.0, 0.0, 0.0, 0.6666666666666666, 0.0, 0.0, 0.0, 0.0, 0.0, 0.0, 0.0, 0.0];0.7071067811865475
[0, 1, 4, 4, 1, 1, 5, 5, 0, 2, 1, 2, 0, 3, 0, 3, 4, 5, 4, 3, 2, 2, 5, 3];[0.2222222222222222, 0.2222222222222222, 0.0, 0.0, 0.0, 0.2222222222222222, 0.2222222222222222, 0.2222222222222222, 0.2222222222222222, 0.0, 0.2222222222222222, 0.0];0.7071067811865475
[1, 1, 1, 1, 5, 5, 5, 5, 2, 2, 2, 2, 0, 0, 0, 0, 4, 4, 4, 4, 3, 3, 3, 3];[0.0, 0.0, 0.0, 0.0, 0.0, 0.0, 0.6666666666666666, 0.0, 0.0, 0.0, 0.0, 0.0];0.7071067811865475
[4, 4, 0, 1, 1, 5, 1, 5, 2, 0, 2, 1, 3, 3, 0, 0, 5, 4, 3, 4, 5, 3, 2, 2];[0.0, 0.6666666666666666, 0.0, 0.0, 0.0, 0.0, 0.0, 0.0, 0.0, 0.0, 0.0, 0.0];0.7071067811865475
[3, 1, 3, 1, 0, 5, 0, 5, 2, 2, 2, 2, 0, 5, 0, 5, 4, 4, 4, 4, 1, 3, 1, 3];[0.0, 0.6666666666666666, 0.0, 0.0, 0.0, 0.0, 0.0, 0.0, 0.0, 0.0, 0.0, 0.0];0.7071067811865475
[0, 0, 1, 1, 2, 2, 1, 5, 0, 3, 2, 2, 4, 4, 0, 3, 1, 5, 4, 4, 5, 3, 5, 3];[0.06451612903225806, 0.06451612903225806, 0.06451612903225806, 0.06451612903225806, 0.06451612903225806, 0.06451612903225806, 0.06451612903225806, 0.06451612903225806, 0.06451612903225806, 0.06451612903225806, 0.6129032258064516, 0.06451612903225806];0.7071067811865475
[0, 1, 0, 1, 1, 5, 1, 5, 2, 2, 2, 2, 0, 3, 0, 3, 4, 4, 4, 4, 5, 3, 5, 3];[0.3157894736842105, 0.10526315789473684, 0.10526315789473684, 0.10526315789473684, 0.10526315789473684, 0.10526315789473684, 0.10526315789473684, 0.10526315789473684, 0.10526315789473684, 0.10526315789473684, 0.15789473684210525, 0.10526315789473684];1.0
[1, 1, 0, 0, 4, 4, 1, 5, 1, 5, 2, 2, 2, 2, 0, 3, 0, 3, 4, 4, 5, 3, 5, 3];[0.0, 0.0, 0.0, 0.0, 0.0, 0.0, 0.0, 0.6666666666666666, 0.0, 0.0, 0.0, 0.0];0.7071067811865475
[0, 1, 4, 4, 1, 1, 5, 5, 0, 2, 1, 2, 0, 3, 0, 3, 4, 5, 4, 3, 2, 2, 5, 3];[0.3333333333333333, 0.3333333333333333, 0.0, 0.0, 0.0, 0.0, 0.0, 0.0, 0.3333333333333333, 0.0, 0.0, 0.3333333333333333];0.7071067811865475
[1, 1, 1, 1, 5, 5, 5, 5, 2, 2, 2, 2, 0, 0, 0, 0, 4, 4, 4, 4, 3, 3, 3, 3];[0.06451612903225806, 0.06451612903225806, 0.06451612903225806, 0.06451612903225806, 0.06451612903225806, 0.3870967741935484, 0.06451612903225806, 0.2903225806451613, 0.06451612903225806, 0.06451612903225806, 0.06451612903225806, 0.06451612903225806];0.7071067811865475
[0, 1, 0, 1, 1, 5, 1, 5, 2, 2, 2, 2, 0, 3, 0, 3, 4, 4, 4, 4, 5, 3, 5, 3];[0.2222222222222222, 0.2222222222222222, 0.2222222222222222, 0.2222222222222222, 0.0, 0.2222222222222222, 0.0, 0.2222222222222222, 0.0, 0.0, 0.2222222222222222, 0.0];1.0
[1, 0, 1, 0, 5, 1, 5, 1, 2, 2, 2, 2, 3, 0, 3, 0, 4, 4, 4, 4, 3, 5, 3, 5];[0.16666666666666666, 0.0, 0.16666666666666666, 0.0, 0.16666666666666666, 0.16666666666666666, 0.16666666666666666, 0.16666666666666666, 0.16666666666666666, 0.16666666666666666, 0.16666666666666666, 0.16666666666666666];1.0
[1, 1, 0, 0, 4, 4, 1, 5, 1, 5, 2, 2, 2, 2, 0, 3, 0, 3, 4, 4, 5, 3, 5, 3];[0.03278688524590164, 0.03278688524590164, 0.03278688524590164, 0.03278688524590164, 0.03278688524590164, 0.03278688524590164, 0.03278688524590164, 0.03278688524590164, 0.03278688524590164, 0.03278688524590164, 0.03278688524590164, 0.8032786885245902];0.7071067811865475
[0, 1, 0, 1, 1, 5, 1, 5, 2, 2, 2, 2, 0, 3, 0, 3, 4, 4, 4, 4, 5, 3, 5, 3];[0.2857142857142857, 0.08163265306122448, 0.10204081632653061, 0.04081632653061224, 0.08163265306122448, 0.04081632653061224, 0.08163265306122448, 0.10204081632653061, 0.08163265306122448, 0.04081632653061224, 0.1836734693877551, 0.08163265306122448];1.0
[4, 4, 0, 1, 1, 5, 1, 5, 2, 0, 2, 1, 3, 3, 0, 0, 5, 4, 3, 4, 5, 3, 2, 2];[0.0, 0.0, 0.0, 0.0, 0.0, 0.0, 0.4, 0.4, 0.4, 0.0, 0.0, 0.0];0.7071067811865475
[1, 1, 0, 0, 4, 4, 1, 5, 1, 5, 2, 2, 2, 2, 0, 3, 0, 3, 4, 4, 5, 3, 5, 3];[0.2222222222222222, 0.2222222222222222, 0.2222222222222222, 0.0, 0.0, 0.2222222222222222, 0.0, 0.2222222222222222, 0.0, 0.2222222222222222, 0.2222222222222222, 0.0];0.7071067811865475
[0, 5, 0, 5, 1, 3, 1, 3, 2, 2, 2, 2, 1, 3, 1, 3, 4, 4, 4, 4, 5, 0, 5, 0];[0.0, 0.0, 0.0, 0.5, 0.0, 0.0, 0.0, 0.0, 0.0, 0.5, 0.0, 0.0];0.7071067811865475
[1, 1, 1, 1, 5, 5, 5, 5, 2, 2, 2, 2, 0, 0, 0, 0, 4, 4, 4, 4, 3, 3, 3, 3];[0.5, 0.0, 0.0, 0.0, 0.0, 0.0, 0.0, 0.0, 0.0, 0.0, 0.5, 0.0];0.7071067811865475
[0, 0, 1, 1, 2, 2, 1, 5, 0, 3, 2, 2, 4, 4, 0, 3, 1, 5, 4, 4, 5, 3, 5, 3];[0.0, 0.5, 0.0, 0.0, 0.0, 0.0, 0.0, 0.0, 0.0, 0.0, 0.5, 0.0];0.7071067811865475
[0, 1, 4, 4, 1, 1, 5, 5, 0, 2, 1, 2, 0, 3, 0, 3, 4, 5, 4, 3, 2, 2, 5, 3];[0.14285714285714285, 0.14285714285714285, 0.14285714285714285, 0.14285714285714285, 0.14285714285714285, 0.14285714285714285, 0.14285714285714285, 0.14285714285714285, 0.14285714285714285, 0.14285714285714285, 0.14285714285714285, 0.14285714285714285];0.7071067811865475
[0, 1, 2, 2, 5, 5, 1, 1, 3, 2, 5, 2, 0, 3, 0, 3, 4, 1, 4, 0, 4, 4, 5, 3];[0.0, 0.0, 0.0, 0.0, 0.0, 0.5, 0.0, 0.0, 0.0, 0.0, 0.0, 0.5];0.7071067811865475
[0, 1, 0, 1, 1, 5, 4, 4, 2, 2, 1, 5, 0, 3, 2, 2, 4, 4, 0, 3, 5, 5, 3, 3];[0.0, 0.0, 0.0, 0.5, 0.0, 0.0, 0.0, 0.0, 0.0, 0.0, 0.5, 0.0];0.7071067811865475
[3, 1, 3, 1, 0, 5, 0, 5, 2, 2, 2, 2, 0, 5, 0, 5, 4, 4, 4, 4, 1, 3, 1, 3];[0.0, 0.0, 0.0, 0.4, 0.0, 0.4, 0.0, 0.0, 0.0, 0.0, 0.4, 0.0];0.7071067811865475
[2, 2, 0, 1, 1, 5, 1, 5, 2, 3, 2, 5, 0, 0, 3, 3, 1, 4, 0, 4, 5, 3, 4, 4];[0.16666666666666666, 0.16666666666666666, 0.16666666666666666, 0.0, 0.16666666666666666, 0.16666666666666666, 0.16666666666666666, 0.16666666666666666, 0.16666666666666666, 0.0, 0.16666666666666666, 0.16666666666666666];0.7071067811865475
[0, 1, 2, 2, 5, 5, 1, 1, 3, 2, 5, 2, 0, 3, 0, 3, 4, 1, 4, 0, 4, 4, 5, 3];[0.5714285714285714, 0.07142857142857142, 0.07142857142857142, 0.07142857142857142, 0.07142857142857142, 0.07142857142857142, 0.07142857142857142, 0.07142857142857142, 0.07142857142857142, 0.07142857142857142, 0.07142857142857142, 0.07142857142857142];0.7071067811865475
[0, 1, 0, 1, 1, 5, 1, 5, 2, 2, 2, 2, 0, 3, 0, 3, 4, 4, 4, 4, 5, 3, 5, 3];[0.125, 0.125, 0.125, 0.125, 0.125, 0.125, 0.125, 0.125, 0.125, 0.125, 0.25, 0.125];1.0
[1, 1, 0, 0, 4, 4, 1, 5, 1, 5, 2, 2, 2, 2, 0, 3, 0, 3, 4, 4, 5, 3, 5, 3];[0.0, 0.5, 0.0, 0.0, 0.0, 0.0, 0.0, 0.0, 0.0, 0.0, 0.5, 0.0];0.7071067811865475
[3, 1, 3, 1, 0, 5, 0, 5, 2, 2, 2, 2, 0, 5, 0, 5, 4, 4, 4, 4, 1, 3, 1, 3];[0.009433962264150943, 0.009433962264150943, 0.009433962264150943, 0.009433962264150943, 0.009433962264150943, 0.589622641509434, 0.3632075471698113, 0.009433962264150943, 0.009433962264150943, 0.009433962264150943, 0.009433962264150943, 0.009433962264150943];0.7071067811865475
[3, 0, 3, 0, 0, 1, 0, 1, 2, 2, 2, 2, 3, 5, 3, 5, 4, 4, 4, 4, 1, 5, 1, 5];[0.096, 0.056, 0.016, 0.136, 0.168, 0.176, 0.016, 0.112, 0.136, 0.136, 0.016, 0.016];1.0
[2, 2, 3, 0, 0, 1, 0, 1, 2, 5, 2, 1, 3, 3, 5, 5, 0, 4, 3, 4, 1, 5, 4, 4];[0.11764705882352941, 0.11764705882352941, 0.29411764705882354, 0.11764705882352941, 0.11764705882352941, 0.11764705882352941, 0.11764705882352941, 0.11764705882352941, 0.11764705882352941, 0.11764705882352941, 0.11764705882352941, 0.11764705882352941];0.7071067811865475
[3, 0, 3, 0, 0, 1, 0, 1, 2, 2, 2, 2, 3, 5, 3, 5, 4, 4, 4, 4, 1, 5, 1, 5];[0.0, 0.4, 0.0, 0.4, 0.0, 0.4, 0.0, 0.0, 0.0, 0.0, 0.0, 0.0];1.0
[3, 0, 3, 0, 0, 1, 2, 2, 2, 2, 3, 5, 3, 5, 4, 4, 4, 4, 0, 1, 5, 5, 1, 1];[0.11764705882352941, 0.11764705882352941, 0.11764705882352941, 0.11764705882352941, 0.11764705882352941, 0.11764705882352941, 0.11764705882352941, 0.11764705882352941, 0.29411764705882354, 0.11764705882352941, 0.11764705882352941, 0.11764705882352941];0.7071067811865475
[3, 0, 3, 0, 0, 1, 0, 1, 2, 2, 2, 2, 3, 5, 3, 5, 4, 4, 4, 4, 1, 5, 1, 5];[0.4, 0.0, 0.0, 0.4, 0.0, 0.0, 0.0, 0.4, 0.0, 0.0, 0.0, 0.0];1.0
[3, 1, 3, 1, 0, 5, 0, 5, 2, 2, 2, 2, 0, 5, 0, 5, 4, 4, 4, 4, 1, 3, 1, 3];[0.09523809523809523, 0.09523809523809523, 0.09523809523809523, 0.09523809523809523, 0.09523809523809523, 0.3333333333333333, 0.19047619047619047, 0.09523809523809523, 0.09523809523809523, 0.09523809523809523, 0.09523809523809523, 0.09523809523809523];0.7071067811865475
[0, 1, 0, 1, 1, 5, 1, 5, 2, 2, 2, 2, 0, 3, 0, 3, 4, 4, 4, 4, 5, 3, 5, 3];[0.0, 0.0, 0.0, 0.0, 0.0, 0.5, 0.0, 0.0, 0.0, 0.0, 0.5, 0.0];1.0
[3, 0, 3, 0, 0, 1, 0, 1, 2, 2, 2, 2, 3, 5, 3, 5, 4, 4, 4, 4, 1, 5, 1, 5];[0.2857142857142857, 0.0, 0.0, 0.0, 0.2857142857142857, 0.0, 0.2857142857142857, 0.0, 0.2857142857142857, 0.0, 0.2857142857142857, 0.0];1.0
[3, 3, 3, 3, 0, 0, 0, 0, 2, 2, 2, 2, 5, 5, 5, 5, 4, 4, 4, 4, 1, 1, 1, 1];[0.09090909090909091, 0.09090909090909091, 0.09090909090909091, 0.09090909090909091, 0.18181818181818182, 0.09090909090909091, 0.36363636363636365, 0.09090909090909091, 0.09090909090909091, 0.09090909090909091, 0.09090909090909091, 0.09090909090909091];0.7071067811865475
[0, 3, 0, 3, 1, 0, 1, 0, 2, 2, 2, 2, 5, 3, 5, 3, 4, 4, 4, 4, 5, 1, 5, 1];[0.0, 0.25, 0.25, 0.0, 0.25, 0.25, 0.0, 0.0, 0.0, 0.0, 0.25, 0.25];1.0
[3, 0, 3, 0, 0, 1, 0, 1, 2, 2, 2, 2, 3, 5, 3, 5, 4, 4, 4, 4, 1, 5, 1, 5];[0.0, 0.0, 0.0, 0.0, 0.0, 0.5, 0.0, 0.5, 0.0, 0.0, 0.0, 0.0];1.0
[3, 0, 3, 0, 0, 1, 4, 4, 2, 2, 0, 1, 3, 5, 2, 2, 4, 4, 3, 5, 1, 1, 5, 5];[0.11764705882352941, 0.11764705882352941, 0.11764705882352941, 0.11764705882352941, 0.11764705882352941, 0.11764705882352941, 0.11764705882352941, 0.11764705882352941, 0.11764705882352941, 0.29411764705882354, 0.11764705882352941, 0.11764705882352941];0.7071067811865475
[3, 0, 3, 0, 0, 1, 0, 1, 2, 2, 2, 2, 3, 5, 3, 5, 4, 4, 4, 4, 1, 5, 1, 5];[0.0, 0.0, 0.0, 0.0, 0.0, 0.4, 0.0, 0.0, 0.0, 0.4, 0.4, 0.0];1.0
[3, 0, 2, 2, 1, 1, 0, 0, 5, 2, 1, 2, 3, 5, 3, 5, 4, 0, 4, 3, 4, 4, 1, 5];[0.2857142857142857, 0.0, 0.0, 0.0, 0.0, 0.0, 0.2857142857142857, 0.0, 0.2857142857142857, 0.2857142857142857, 0.2857142857142857, 0.0];0.7071067811865475
[5, 0, 5, 0, 3, 1, 3, 1, 2, 2, 2, 2, 3, 1, 3, 1, 4, 4, 4, 4, 0, 5, 0, 5];[0.14285714285714285, 0.14285714285714285, 0.14285714285714285, 0.14285714285714285, 0.14285714285714285, 0.14285714285714285, 0.14285714285714285, 0.14285714285714285, 0.14285714285714285, 0.14285714285714285, 0.14285714285714285, 0.14285714285714285];0.7071067811865475
[3, 0, 4, 4, 0, 0, 1, 1, 3, 2, 0, 2, 3, 5, 3, 5, 4, 1, 4, 5, 2, 2, 1, 5];[0.16666666666666666, 0.16666666666666666, 0.16666666666666666, 0.16666666666666666, 0.16666666666666666, 0.16666666666666666, 0.16666666666666666, 0.16666666666666666, 0.16666666666666666, 0.0, 0.16666666666666666, 0.0];0.7071067811865475
[0, 1, 0, 1, 1, 5, 1, 5, 2, 2, 2, 2, 0, 3, 0, 3, 4, 4, 4, 4, 5, 3, 5, 3];[0.3116883116883117, 0.09090909090909091, 0.11688311688311688, 0.03896103896103896, 0.09090909090909091, 0.025974025974025976, 0.09090909090909091, 0.11688311688311688, 0.1038961038961039, 0.025974025974025976, 0.025974025974025976, 0.09090909090909091];1.0
[3, 1, 3, 1, 0, 5, 0, 5, 2, 2, 2, 2, 0, 5, 0, 5, 4, 4, 4, 4, 1, 3, 1, 3];[0.2222222222222222, 0.2222222222222222, 0.2222222222222222, 0.2222222222222222, 0.0, 0.2222222222222222, 0.0, 0.0, 0.0, 0.2222222222222222, 0.2222222222222222, 0.0];0.7071067811865475
[4, 4, 0, 1, 1, 5, 1, 5, 2, 0, 2, 1, 3, 3, 0, 0, 5, 4, 3, 4, 5, 3, 2, 2];[0.2222222222222222, 0.0, 0.2222222222222222, 0.0, 0.0, 0.2222222222222222, 0.2222222222222222, 0.2222222222222222, 0.0, 0.2222222222222222, 0.0, 0.2222222222222222];0.7071067811865475
[0, 1, 4, 4, 1, 1, 5, 5, 0, 2, 1, 2, 0, 3, 0, 3, 4, 5, 4, 3, 2, 2, 5, 3];[0.08333333333333333, 0.5, 0.08333333333333333, 0.08333333333333333, 0.08333333333333333, 0.08333333333333333, 0.08333333333333333, 0.08333333333333333, 0.08333333333333333, 0.08333333333333333, 0.08333333333333333, 0.08333333333333333];0.7071067811865475
[0, 1, 0, 1, 1, 5, 1, 5, 2, 2, 2, 2, 0, 3, 0, 3, 4, 4, 4, 4, 5, 3, 5, 3];[0.16666666666666666, 0.16666666666666666, 0.0, 0.0, 0.16666666666666666, 0.16666666666666666, 0.16666666666666666, 0.16666666666666666, 0.16666666666666666, 0.16666666666666666, 0.16666666666666666, 0.16666666666666666];1.0
[0, 1, 2, 2, 5, 5, 1, 1, 3, 2, 5, 2, 0, 3, 0, 3, 4, 1, 4, 0, 4, 4, 5, 3];[0.2857142857142857, 0.0, 0.0, 0.0, 0.2857142857142857, 0.0, 0.0, 0.0, 0.2857142857142857, 0.2857142857142857, 0.2857142857142857, 0.0];0.7071067811865475
[2, 2, 0, 1, 1, 5, 1, 5, 2, 3, 2, 5, 0, 0, 3, 3, 1, 4, 0, 4, 5, 3, 4, 4];[0.0, 0.0, 0.0, 0.0, 0.0, 0.0, 0.0, 0.0, 0.0, 0.6666666666666666, 0.0, 0.0];0.7071067811865475
[1, 1, 1, 1, 5, 5, 5, 5, 2, 2, 2, 2, 0, 0, 0, 0, 4, 4, 4, 4, 3, 3, 3, 3];[0.2857142857142857, 0.0, 0.0, 0.2857142857142857, 0.2857142857142857, 0.0, 0.0, 0.0, 0.2857142857142857, 0.0, 0.0, 0.2857142857142857];0.7071067811865475
[0, 1, 0, 1, 1, 5, 4, 4, 2, 2, 1, 5, 0, 3, 2, 2, 4, 4, 0, 3, 5, 5, 3, 3];[0.25, 0.25, 0.25, 0.0, 0.0, 0.0, 0.25, 0.0, 0.25, 0.0, 0.0, 0.25];0.7071067811865475
[0, 5, 0, 5, 1, 3, 1, 3, 2, 2, 2, 2, 1, 3, 1, 3, 4, 4, 4, 4, 5, 0, 5, 0];[0.0, 0.0, 0.2857142857142857, 0.0, 0.2857142857142857, 0.0, 0.2857142857142857, 0.0, 0.2857142857142857, 0.0, 0.0, 0.2857142857142857];0.7071067811865475
[0, 0, 1, 1, 2, 2, 1, 5, 0, 3, 2, 2, 4, 4, 0, 3, 1, 5, 4, 4, 5, 3, 5, 3];[0.0, 0.2857142857142857, 0.0, 0.2857142857142857, 0.0, 0.2857142857142857, 0.0, 0.2857142857142857, 0.0, 0.0, 0.2857142857142857, 0.0];0.7071067811865475
[0, 1, 4, 4, 1, 1, 5, 5, 0, 2, 1, 2, 0, 3, 0, 3, 4, 5, 4, 3, 2, 2, 5, 3];[0.003676470588235294, 0.9613970588235294, 0.003676470588235294, 0.003676470588235294, 0.003676470588235294, 0.01838235294117647, 0.003676470588235294, 0.0055147058823529415, 0.003676470588235294, 0.003676470588235294, 0.003676470588235294, 0.003676470588235294];0.7071067811865475
[0, 1, 0, 1, 1, 5, 1, 5, 2, 2, 2, 2, 0, 3, 0, 3, 4, 4, 4, 4, 5, 3, 5, 3];[0.25047801147227533, 0.07265774378585087, 0.0038240917782026767, 0.032504780114722756, 0.07839388145315487, 0.23709369024856597, 0.07839388145315487, 0.09751434034416825, 0.0038240917782026767, 0.0038240917782026767, 0.15678776290630975, 0.0038240917782026767];1.0
[0, 1, 4, 4, 1, 1, 5, 5, 0, 2, 1, 2, 0, 3, 0, 3, 4, 5, 4, 3, 2, 2, 5, 3];[0.015267175572519083, 0.9083969465648855, 0.015267175572519083, 0.015267175572519083, 0.015267175572519083, 0.015267175572519083, 0.015267175572519083, 0.015267175572519083, 0.015267175572519083, 0.015267175572519083, 0.015267175572519083, 0.015267175572519083];0.7071067811865475
[0, 1, 0, 1, 1, 5, 1, 5, 2, 2, 2, 2, 0, 3, 0, 3, 4, 4, 4, 4, 5, 3, 5, 3];[0.3445378151260504, 0.01680672268907563, 0.12605042016806722, 0.04201680672268908, 0.1092436974789916, 0.01680672268907563, 0.01680672268907563, 0.13445378151260504, 0.11764705882352941, 0.03361344537815126, 0.01680672268907563, 0.1092436974789916];1.0
[0, 0, 1, 1, 2, 2, 1, 5, 0, 3, 2, 2, 4, 4, 0, 3, 1, 5, 4, 4, 5, 3, 5, 3];[0.15384615384615385, 0.15384615384615385, 0.15384615384615385, 0.0, 0.15384615384615385, 0.15384615384615385, 0.15384615384615385, 0.15384615384615385, 0.15384615384615385, 0.15384615384615385, 0.15384615384615385, 0.15384615384615385];0.7071067811865475
[2, 2, 0, 1, 1, 5, 1, 5, 2, 3, 2, 5, 0, 0, 3, 3, 1, 4, 0, 4, 5, 3, 4, 4];[0.0, 0.0, 0.4, 0.0, 0.4, 0.0, 0.0, 0.4, 0.0, 0.0, 0.0, 0.0];0.7071067811865475
[0, 1, 0, 1, 1, 5, 4, 4, 2, 2, 1, 5, 0, 3, 2, 2, 4, 4, 0, 3, 5, 5, 3, 3];[0.14285714285714285, 0.14285714285714285, 0.14285714285714285, 0.14285714285714285, 0.14285714285714285, 0.14285714285714285, 0.14285714285714285, 0.14285714285714285, 0.14285714285714285, 0.14285714285714285, 0.14285714285714285, 0.14285714285714285];0.7071067811865475
[0, 1, 4, 4, 1, 1, 5, 5, 0, 2, 1, 2, 0, 3, 0, 3, 4, 5, 4, 3, 2, 2, 5, 3];[0.04878048780487805, 0.7073170731707317, 0.04878048780487805, 0.04878048780487805, 0.04878048780487805, 0.04878048780487805, 0.04878048780487805, 0.04878048780487805, 0.04878048780487805, 0.04878048780487805, 0.04878048780487805, 0.04878048780487805];0.7071067811865475
[0, 1, 0, 1, 1, 5, 1, 5, 2, 2, 2, 2, 0, 3, 0, 3, 4, 4, 4, 4, 5, 3, 5, 3];[0.3103448275862069, 0.06896551724137931, 0.06896551724137931, 0.06896551724137931, 0.10344827586206896, 0.06896551724137931, 0.10344827586206896, 0.10344827586206896, 0.10344827586206896, 0.06896551724137931, 0.1724137931034483, 0.10344827586206896];1.0
[0, 1, 0, 1, 1, 5, 4, 4, 2, 2, 1, 5, 0, 3, 2, 2, 4, 4, 0, 3, 5, 5, 3, 3];[0.0, 0.0, 0.0, 0.0, 0.0, 0.0, 0.0, 0.0, 0.0, 0.0, 0.6666666666666666, 0.0];0.7071067811865475
[1, 1, 1, 1, 5, 5, 5, 5, 2, 2, 2, 2, 0, 0, 0, 0, 4, 4, 4, 4, 3, 3, 3, 3];[0.0, 0.0, 0.0, 0.0, 0.0, 0.6666666666666666, 0.0, 0.0, 0.0, 0.0, 0.0, 0.0];0.7071067811865475
[0, 5, 0, 5, 1, 3, 1, 3, 2, 2, 2, 2, 1, 3, 1, 3, 4, 4, 4, 4, 5, 0, 5, 0];[0.0, 0.0, 0.0, 0.0, 0.0, 0.0, 0.0, 0.0, 0.0, 0.0, 0.6666666666666666, 0.0];0.7071067811865475
[0, 1, 4, 4, 1, 1, 5, 5, 0, 2, 1, 2, 0, 3, 0, 3, 4, 5, 4, 3, 2, 2, 5, 3];[0.2222222222222222, 0.2222222222222222, 0.0, 0.0, 0.2222222222222222, 0.2222222222222222, 0.2222222222222222, 0.0, 0.2222222222222222, 0.0, 0.0, 0.2222222222222222];0.7071067811865475
[0, 0, 1, 1, 2, 2, 1, 5, 0, 3, 2, 2, 4, 4, 0, 3, 1, 5, 4, 4, 5, 3, 5, 3];[0.0, 0.0, 0.0, 0.0, 0.0, 0.0, 0.6666666666666666, 0.0, 0.0, 0.0, 0.0, 0.0];0.7071067811865475
[1, 1, 0, 0, 4, 4, 1, 5, 1, 5, 2, 2, 2, 2, 0, 3, 0, 3, 4, 4, 5, 3, 5, 3];[0.0, 0.4, 0.0, 0.0, 0.0, 0.0, 0.0, 0.0, 0.0, 0.0, 0.4, 0.4];0.7071067811865475
[3, 1, 3, 1, 0, 5, 0, 5, 2, 2, 2, 2, 0, 5, 0, 5, 4, 4, 4, 4, 1, 3, 1, 3];[0.0, 0.6666666666666666, 0.0, 0.0, 0.0, 0.0, 0.0, 0.0, 0.0, 0.0, 0.0, 0.0];0.7071067811865475
[3, 1, 3, 1, 0, 5, 0, 5, 2, 2, 2, 2, 0, 5, 0, 5, 4, 4, 4, 4, 1, 3, 1, 3];[0.125, 0.125, 0.125, 0.125, 0.125, 0.25, 0.125, 0.125, 0.125, 0.125, 0.125, 0.125];0.7071067811865475
[3, 0, 3, 0, 0, 1, 0, 1, 2, 2, 2, 2, 3, 5, 3, 5, 4, 4, 4, 4, 1, 5, 1, 5];[0.0, 0.5, 0.0, 0.5, 0.0, 0.0, 0.0, 0.0, 0.0, 0.0, 0.0, 0.0];1.0
[4, 4, 0, 1, 1, 5, 1, 5, 2, 0, 2, 1, 3, 3, 0, 0, 5, 4, 3, 4, 5, 3, 2, 2];[0.13333333333333333, 0.13333333333333333, 0.13333333333333333, 0.2, 0.13333333333333333, 0.13333333333333333, 0.13333333333333333, 0.13333333333333333, 0.13333333333333333, 0.13333333333333333, 0.13333333333333333, 0.13333333333333333];0.7071067811865475
[0, 1, 0, 1, 1, 5, 1, 5, 2, 2, 2, 2, 0, 3, 0, 3, 4, 4, 4, 4, 5, 3, 5, 3];[0.0, 0.0, 0.0, 0.0, 0.0, 0.0, 0.0, 0.0, 0.0, 0.0, 0.0, 0.6666666666666666];1.0
[0, 5, 0, 5, 1, 3, 1, 3, 2, 2, 2, 2, 1, 3, 1, 3, 4, 4, 4, 4, 5, 0, 5, 0];[0.15384615384615385, 0.15384615384615385, 0.15384615384615385, 0.15384615384615385, 0.15384615384615385, 0.15384615384615385, 0.15384615384615385, 0.15384615384615385, 0.15384615384615385, 0.0, 0.15384615384615385, 0.15384615384615385];0.7071067811865475
[0, 1, 0, 1, 1, 5, 2, 2, 2, 2, 0, 3, 0, 3, 4, 4, 4, 4, 1, 5, 3, 3, 5, 5];[0.0, 0.0, 0.0, 0.0, 0.5, 0.0, 0.5, 0.0, 0.0, 0.0, 0.0, 0.0];0.7071067811865475
[0, 5, 0, 5, 1, 3, 1, 3, 2, 2, 2, 2, 1, 3, 1, 3, 4, 4, 4, 4, 5, 0, 5, 0];[0.04878048780487805, 0.04878048780487805, 0.04878048780487805, 0.04878048780487805, 0.34146341463414637, 0.4146341463414634, 0.04878048780487805, 0.04878048780487805, 0.04878048780487805, 0.04878048780487805, 0.04878048780487805, 0.04878048780487805];0.7071067811865475
[0, 1, 0, 1, 1, 5, 1, 5, 2, 2, 2, 2, 0, 3, 0, 3, 4, 4, 4, 4, 5, 3, 5, 3];[0.23529411764705882, 0.11764705882352941, 0.11764705882352941, 0.11764705882352941, 0.11764705882352941, 0.11764705882352941, 0.11764705882352941, 0.11764705882352941, 0.11764705882352941, 0.11764705882352941, 0.17647058823529413, 0.11764705882352941];1.0
[0, 1, 4, 4, 1, 1, 5, 5, 0, 2, 1, 2, 0, 3, 0, 3, 4, 5, 4, 3, 2, 2, 5, 3];[0.0, 0.0, 0.0, 0.0, 0.5, 0.0, 0.0, 0.0, 0.0, 0.0, 0.0, 0.5];0.7071067811865475
[1, 1, 0, 0, 4, 4, 1, 5, 1, 5, 2, 2, 2, 2, 0, 3, 0, 3, 4, 4, 5, 3, 5, 3];[0.0, 0.6666666666666666, 0.0, 0.0, 0.0, 0.0, 0.0, 0.0, 0.0, 0.0, 0.0, 0.0];0.7071067811865475
[0, 3, 0, 3, 1, 0, 1, 0, 2, 2, 2, 2, 5, 3, 5, 3, 4, 4, 4, 4, 5, 1, 5, 1];[0.14285714285714285, 0.14285714285714285, 0.14285714285714285, 0.14285714285714285, 0.14285714285714285, 0.14285714285714285, 0.14285714285714285, 0.14285714285714285, 0.14285714285714285, 0.14285714285714285, 0.14285714285714285, 0.14285714285714285];1.0
[3, 1, 3, 1, 0, 5, 0, 5, 2, 2, 2, 2, 0, 5, 0, 5, 4, 4, 4, 4, 1, 3, 1, 3];[0.0392156862745098, 0.0392156862745098, 0.0392156862745098, 0.0392156862745098, 0.0392156862745098, 0.5098039215686274, 0.29411764705882354, 0.0392156862745098, 0.0392156862745098, 0.0392156862745098, 0.0392156862745098, 0.0392156862745098];0.7071067811865475
[0, 1, 0, 1, 1, 5, 1, 5, 2, 2, 2, 2, 0, 3, 0, 3, 4, 4, 4, 4, 5, 3, 5, 3];[0.2, 0.13333333333333333, 0.13333333333333333, 0.13333333333333333, 0.13333333333333333, 0.13333333333333333, 0.13333333333333333, 0.13333333333333333, 0.13333333333333333, 0.13333333333333333, 0.13333333333333333, 0.13333333333333333];1.0
[0, 1, 4, 4, 1, 1, 5, 5, 0, 2, 1, 2, 0, 3, 0, 3, 4, 5, 4, 3, 2, 2, 5, 3];[0.0, 0.0, 0.0, 0.0, 0.0, 0.0, 0.6666666666666666, 0.0, 0.0, 0.0, 0.0, 0.0];0.7071067811865475
[3, 0, 3, 0, 0, 1, 0, 1, 2, 2, 2, 2, 3, 5, 3, 5, 4, 4, 4, 4, 1, 5, 1, 5];[0.07692307692307693, 0.07692307692307693, 0.07692307692307693, 0.15384615384615385, 0.15384615384615385, 0.19230769230769232, 0.07692307692307693, 0.11538461538461539, 0.15384615384615385, 0.15384615384615385, 0.07692307692307693, 0.07692307692307693];1.0
[2, 2, 3, 0, 0, 1, 0, 1, 2, 5, 2, 1, 3, 3, 5, 5, 0, 4, 3, 4, 1, 5, 4, 4];[0.0, 0.0, 0.0, 0.0, 0.0, 0.0, 0.0, 0.5, 0.0, 0.5, 0.0, 0.0];0.7071067811865475
[3, 1, 3, 1, 0, 5, 0, 5, 2, 2, 2, 2, 0, 5, 0, 5, 4, 4, 4, 4, 1, 3, 1, 3];[0.0, 0.0, 0.0, 0.0, 0.5, 0.0, 0.0, 0.0, 0.5, 0.0, 0.0, 0.0];0.7071067811865475
[3, 0, 3, 0, 0, 1, 2, 2, 2, 2, 3, 5, 3, 5, 4, 4, 4, 4, 0, 1, 5, 5, 1, 1];[0.0, 0.0, 0.0, 0.0, 0.5, 0.0, 0.0, 0.0, 0.5, 0.0, 0.0, 0.0];0.7071067811865475
[5, 0, 5, 0, 3, 1, 3, 1, 2, 2, 2, 2, 3, 1, 3, 1, 4, 4, 4, 4, 0, 5, 0, 5];[0.6666666666666666, 0.0, 0.0, 0.0, 0.0, 0.0, 0.0, 0.0, 0.0, 0.0, 0.0, 0.0];0.7071067811865475
[3, 0, 3, 0, 0, 1, 4, 4, 2, 2, 0, 1, 3, 5, 2, 2, 4, 4, 3, 5, 1, 1, 5, 5];[0.0, 0.0, 0.0, 0.0, 0.0, 0.0, 0.0, 0.5, 0.0, 0.5, 0.0, 0.0];0.7071067811865475
[3, 3, 3, 3, 0, 0, 0, 0, 2, 2, 2, 2, 5, 5, 5, 5, 4, 4, 4, 4, 1, 1, 1, 1];[0.4, 0.0, 0.4, 0.0, 0.0, 0.0, 0.0, 0.0, 0.0, 0.4, 0.0, 0.0];0.7071067811865475
[0, 0, 0, 0, 1, 1, 1, 1, 2, 2, 2, 2, 3, 3, 3, 3, 4, 4, 4, 4, 5, 5, 5, 5];[0.056451612903225805, 0.07258064516129033, 0.12096774193548387, 0.06451612903225806, 0.0967741935483871, 0.1693548387096774, 0.0967741935483871, 0.11290322580645161, 0.08064516129032258, 0.07258064516129033, 0.08064516129032258, 0.056451612903225805];0.7071067811865475
[1, 0, 1, 0, 5, 1, 5, 1, 2, 2, 2, 2, 3, 0, 3, 0, 4, 4, 4, 4, 3, 5, 3, 5];[0.0, 0.16666666666666666, 0.16666666666666666, 0.16666666666666666, 0.0, 0.16666666666666666, 0.16666666666666666, 0.16666666666666666, 0.16666666666666666, 0.16666666666666666, 0.16666666666666666, 0.16666666666666666];1.0
[0, 1, 0, 1, 1, 5, 1, 5, 2, 2, 2, 2, 0, 3, 0, 3, 4, 4, 4, 4, 5, 3, 5, 3];[0.16666666666666666, 0.0, 0.16666666666666666, 0.16666666666666666, 0.16666666666666666, 0.16666666666666666, 0.16666666666666666, 0.16666666666666666, 0.16666666666666666, 0.0, 0.16666666666666666, 0.16666666666666666];1.0
[0, 0, 0, 0, 4, 4, 1, 1, 1, 1, 2, 2, 2, 2, 3, 3, 3, 3, 4, 4, 5, 5, 5, 5];[0.2, 0.0, 0.2, 0.2, 0.0, 0.2, 0.0, 0.2, 0.2, 0.2, 0.2, 0.0];1.0
[0, 3, 0, 3, 1, 0, 1, 0, 2, 2, 2, 2, 5, 3, 5, 3, 4, 4, 4, 4, 5, 1, 5, 1];[0.09523809523809523, 0.09523809523809523, 0.14285714285714285, 0.09523809523809523, 0.09523809523809523, 0.19047619047619047, 0.09523809523809523, 0.09523809523809523, 0.09523809523809523, 0.09523809523809523, 0.2857142857142857, 0.09523809523809523];1.0
[3, 3, 0, 0, 4, 4, 1, 0, 1, 0, 2, 2, 2, 2, 5, 3, 5, 3, 4, 4, 5, 1, 5, 1];[0.0, 0.3333333333333333, 0.0, 0.0, 0.3333333333333333, 0.0, 0.0, 0.3333333333333333, 0.0, 0.0, 0.3333333333333333, 0.0];0.7071067811865475
[0, 5, 0, 5, 1, 3, 1, 3, 2, 2, 2, 2, 1, 3, 1, 3, 4, 4, 4, 4, 5, 0, 5, 0];[0.0, 0.0, 0.0, 0.0, 0.0, 0.0, 0.5, 0.0, 0.0, 0.0, 0.5, 0.0];0.7071067811865475
[4, 4, 0, 3, 1, 0, 1, 0, 2, 0, 2, 3, 3, 3, 5, 5, 5, 4, 1, 4, 5, 1, 2, 2];[0.0, 0.0, 0.6666666666666666, 0.0, 0.0, 0.0, 0.0, 0.0, 0.0, 0.0, 0.0, 0.0];0.7071067811865475
[0, 0, 0, 0, 1, 1, 2, 2, 2, 2, 3, 3, 3, 3, 4, 4, 4, 4, 1, 1, 5, 5, 5, 5];[0.2222222222222222, 0.2222222222222222, 0.2222222222222222, 0.2222222222222222, 0.0, 0.0, 0.0, 0.2222222222222222, 0.2222222222222222, 0.0, 0.0, 0.2222222222222222];1.0
[2, 2, 0, 0, 1, 1, 1, 1, 2, 5, 2, 5, 3, 3, 3, 3, 0, 4, 0, 4, 5, 5, 4, 4];[0.0, 0.0, 0.0, 0.0, 0.0, 0.25, 0.0, 0.25, 0.25, 0.25, 0.25, 0.25];1.0
[0, 0, 2, 2, 1, 1, 1, 1, 5, 2, 5, 2, 3, 3, 3, 3, 4, 0, 4, 0, 4, 4, 5, 5];[0.2222222222222222, 0.0, 0.0, 0.2222222222222222, 0.0, 0.2222222222222222, 0.0, 0.2222222222222222, 0.2222222222222222, 0.2222222222222222, 0.2222222222222222, 0.0];1.0
[0, 0, 0, 0, 1, 1, 4, 4, 2, 2, 1, 1, 3, 3, 2, 2, 4, 4, 3, 3, 5, 5, 5, 5];[0.2, 0.0, 0.2, 0.2, 0.0, 0.0, 0.2, 0.2, 0.0, 0.2, 0.2, 0.2];1.0
[4, 4, 0, 0, 1, 1, 1, 1, 2, 0, 2, 0, 3, 3, 3, 3, 5, 4, 5, 4, 5, 5, 2, 2];[0.13333333333333333, 0.13333333333333333, 0.13333333333333333, 0.13333333333333333, 0.13333333333333333, 0.13333333333333333, 0.13333333333333333, 0.13333333333333333, 0.13333333333333333, 0.2, 0.13333333333333333, 0.13333333333333333];1.0
[4, 4, 0, 0, 1, 1, 2, 0, 2, 0, 3, 3, 3, 3, 5, 4, 5, 4, 1, 1, 5, 2, 5, 2];[0.0, 0.0, 0.0, 0.0, 0.0, 0.0, 0.0, 0.0, 0.0, 0.6666666666666666, 0.0, 0.0];0.7071067811865475
[0, 0, 0, 0, 2, 2, 1, 1, 3, 3, 2, 2, 4, 4, 3, 3, 1, 1, 4, 4, 5, 5, 5, 5];[0.0, 0.0, 0.0, 0.2857142857142857, 0.0, 0.2857142857142857, 0.0, 0.2857142857142857, 0.2857142857142857, 0.0, 0.2857142857142857, 0.0];1.0
[0, 0, 4, 4, 1, 1, 1, 1, 0, 2, 0, 2, 3, 3, 3, 3, 4, 5, 4, 5, 2, 2, 5, 5];[0.2857142857142857, 0.0, 0.0, 0.0, 0.0, 0.2857142857142857, 0.2857142857142857, 0.0, 0.2857142857142857, 0.0, 0.0, 0.2857142857142857];1.0
[3, 0, 3, 0, 0, 1, 0, 1, 2, 2, 2, 2, 3, 5, 3, 5, 4, 4, 4, 4, 1, 5, 1, 5];[0.14285714285714285, 0.14285714285714285, 0.14285714285714285, 0.14285714285714285, 0.14285714285714285, 0.14285714285714285, 0.14285714285714285, 0.14285714285714285, 0.14285714285714285, 0.14285714285714285, 0.14285714285714285, 0.14285714285714285];1.0
[2, 2, 0, 1, 1, 5, 1, 5, 2, 3, 2, 5, 0, 0, 3, 3, 1, 4, 0, 4, 5, 3, 4, 4];[0.11764705882352941, 0.11764705882352941, 0.29411764705882354, 0.11764705882352941, 0.11764705882352941, 0.11764705882352941, 0.11764705882352941, 0.11764705882352941, 0.11764705882352941, 0.11764705882352941, 0.11764705882352941, 0.11764705882352941];0.7071067811865475
[0, 1, 0, 1, 1, 5, 1, 5, 2, 2, 2, 2, 0, 3, 0, 3, 4, 4, 4, 4, 5, 3, 5, 3];[0.0, 0.0, 0.0, 0.4, 0.4, 0.4, 0.0, 0.0, 0.0, 0.0, 0.0, 0.0];1.0
[1, 1, 1, 1, 5, 5, 5, 5, 2, 2, 2, 2, 0, 0, 0, 0, 4, 4, 4, 4, 3, 3, 3, 3];[0.07317073170731707, 0.04878048780487805, 0.04878048780487805, 0.04878048780487805, 0.04878048780487805, 0.4146341463414634, 0.04878048780487805, 0.3170731707317073, 0.04878048780487805, 0.04878048780487805, 0.04878048780487805, 0.04878048780487805];0.7071067811865475
[1, 1, 4, 4, 5, 5, 5, 5, 1, 2, 1, 2, 0, 0, 0, 0, 4, 3, 4, 3, 2, 2, 3, 3];[0.0, 0.0, 0.0, 0.0, 0.6666666666666666, 0.0, 0.0, 0.0, 0.0, 0.0, 0.0, 0.0];0.5773502691896258
[1, 0, 1, 0, 5, 1, 5, 1, 2, 2, 2, 2, 3, 0, 3, 0, 4, 4, 4, 4, 3, 5, 3, 5];[0.11764705882352941, 0.11764705882352941, 0.11764705882352941, 0.11764705882352941, 0.11764705882352941, 0.11764705882352941, 0.29411764705882354, 0.11764705882352941, 0.11764705882352941, 0.11764705882352941, 0.11764705882352941, 0.11764705882352941];1.0
[5, 0, 5, 0, 3, 1, 3, 1, 2, 2, 2, 2, 3, 1, 3, 1, 4, 4, 4, 4, 0, 5, 0, 5];[0.0, 0.0, 0.4, 0.4, 0.0, 0.0, 0.0, 0.0, 0.0, 0.0, 0.0, 0.4];0.7071067811865475
[0, 1, 0, 1, 1, 5, 1, 5, 2, 2, 2, 2, 0, 3, 0, 3, 4, 4, 4, 4, 5, 3, 5, 3];[0.15384615384615385, 0.15384615384615385, 0.15384615384615385, 0.15384615384615385, 0.15384615384615385, 0.15384615384615385, 0.0, 0.15384615384615385, 0.15384615384615385, 0.15384615384615385, 0.15384615384615385, 0.15384615384615385];1.0
[1, 1, 0, 0, 4, 4, 1, 5, 1, 5, 2, 2, 2, 2, 0, 3, 0, 3, 4, 4, 5, 3, 5, 3];[0.024390243902439025, 0.024390243902439025, 0.024390243902439025, 0.024390243902439025, 0.024390243902439025, 0.024390243902439025, 0.024390243902439025, 0.024390243902439025, 0.024390243902439025, 0.024390243902439025, 0.024390243902439025, 0.8536585365853658];0.7071067811865475
[0, 1, 0, 1, 1, 5, 1, 5, 2, 2, 2, 2, 0, 3, 0, 3, 4, 4, 4, 4, 5, 3, 5, 3];[0.35714285714285715, 0.02857142857142857, 0.12857142857142856, 0.04285714285714286, 0.11428571428571428, 0.02857142857142857, 0.11428571428571428, 0.12857142857142856, 0.02857142857142857, 0.02857142857142857, 0.02857142857142857, 0.11428571428571428];1.0
[4, 4, 0, 1, 1, 5, 1, 5, 2, 0, 2, 1, 3, 3, 0, 0, 5, 4, 3, 4, 5, 3, 2, 2];[0.2222222222222222, 0.2222222222222222, 0.2222222222222222, 0.0, 0.2222222222222222, 0.2222222222222222, 0.0, 0.0, 0.2222222222222222, 0.2222222222222222, 0.0, 0.0];0.7071067811865475
[0, 1, 4, 4, 1, 1, 5, 5, 0, 2, 1, 2, 0, 3, 0, 3, 4, 5, 4, 3, 2, 2, 5, 3];[0.08, 0.52, 0.08, 0.08, 0.08, 0.08, 0.08, 0.08, 0.08, 0.08, 0.08, 0.08];0.7071067811865475
[0, 1, 0, 1, 1, 5, 1, 5, 2, 2, 2, 2, 0, 3, 0, 3, 4, 4, 4, 4, 5, 3, 5, 3];[0.15384615384615385, 0.15384615384615385, 0.15384615384615385, 0.0, 0.15384615384615385, 0.15384615384615385, 0.15384615384615385, 0.15384615384615385, 0.15384615384615385, 0.15384615384615385, 0.15384615384615385, 0.15384615384615385];1.0
[0, 5, 0, 5, 1, 3, 1, 3, 2, 2, 2, 2, 1, 3, 1, 3, 4, 4, 4, 4, 5, 0, 5, 0];[0.25, 0.0, 0.25, 0.0, 0.25, 0.0, 0.25, 0.0, 0.0, 0.25, 0.25, 0.0];0.7071067811865475
[0, 0, 1, 1, 2, 2, 1, 5, 0, 3, 2, 2, 4, 4, 0, 3, 1, 5, 4, 4, 5, 3, 5, 3];[0.25, 0.0, 0.25, 0.25, 0.0, 0.25, 0.0, 0.25, 0.0, 0.0, 0.0, 0.25];0.7071067811865475
[3, 1, 3, 1, 0, 5, 0, 5, 2, 2, 2, 2, 0, 5, 0, 5, 4, 4, 4, 4, 1, 3, 1, 3];[0.2222222222222222, 0.0, 0.0, 0.2222222222222222, 0.2222222222222222, 0.2222222222222222, 0.2222222222222222, 0.0, 0.2222222222222222, 0.2222222222222222, 0.0, 0.0];0.7071067811865475
[1, 1, 1, 1, 5, 5, 5, 5, 2, 2, 2, 2, 0, 0, 0, 0, 4, 4, 4, 4, 3, 3, 3, 3];[0.25, 0.0, 0.25, 0.25, 0.0, 0.25, 0.25, 0.0, 0.0, 0.25, 0.0, 0.0];0.7071067811865475
[2, 2, 0, 1, 1, 5, 1, 5, 2, 3, 2, 5, 0, 0, 3, 3, 1, 4, 0, 4, 5, 3, 4, 4];[0.0, 0.6666666666666666, 0.0, 0.0, 0.0, 0.0, 0.0, 0.0, 0.0, 0.0, 0.0, 0.0];0.7071067811865475
[0, 1, 2, 2, 5, 5, 1, 1, 3, 2, 5, 2, 0, 3, 0, 3, 4, 1, 4, 0, 4, 4, 5, 3];[0.6842105263157895, 0.05263157894736842, 0.05263157894736842, 0.05263157894736842, 0.05263157894736842, 0.05263157894736842, 0.05263157894736842, 0.05263157894736842, 0.05263157894736842, 0.05263157894736842, 0.05263157894736842, 0.05263157894736842];0.7071067811865475
[0, 1, 0, 1, 1, 5, 1, 5, 2, 2, 2, 2, 0, 3, 0, 3, 4, 4, 4, 4, 5, 3, 5, 3];[0.38461538461538464, 0.11538461538461539, 0.11538461538461539, 0.07692307692307693, 0.07692307692307693, 0.07692307692307693, 0.11538461538461539, 0.11538461538461539, 0.07692307692307693, 0.07692307692307693, 0.07692307692307693, 0.07692307692307693];1.0
[3, 1, 3, 1, 0, 5, 0, 5, 2, 2, 2, 2, 0, 5, 0, 5, 4, 4, 4, 4, 1, 3, 1, 3];[0.0, 0.0, 0.0, 0.6666666666666666, 0.0, 0.0, 0.0, 0.0, 0.0, 0.0, 0.0, 0.0];0.7071067811865475
[4, 4, 0, 1, 1, 5, 1, 5, 2, 0, 2, 1, 3, 3, 0, 0, 5, 4, 3, 4, 5, 3, 2, 2];[0.0, 0.0, 0.0, 0.0, 0.0, 0.0, 0.0, 0.0, 0.6666666666666666, 0.0, 0.0, 0.0];0.7071067811865475
[0, 1, 4, 4, 1, 1, 5, 5, 0, 2, 1, 2, 0, 3, 0, 3, 4, 5, 4, 3, 2, 2, 5, 3];[0.0, 0.0, 0.0, 0.0, 0.2, 0.2, 0.2, 0.2, 0.2, 0.2, 0.2, 0.2];0.7071067811865475
[0, 1, 2, 2, 5, 5, 1, 1, 3, 2, 5, 2, 0, 3, 0, 3, 4, 1, 4, 0, 4, 4, 5, 3];[0.0, 0.6666666666666666, 0.0, 0.0, 0.0, 0.0, 0.0, 0.0, 0.0, 0.0, 0.0, 0.0];0.7071067811865475
[1, 1, 1, 1, 5, 5, 5, 5, 2, 2, 2, 2, 0, 0, 0, 0, 4, 4, 4, 4, 3, 3, 3, 3];[0.6666666666666666, 0.0, 0.0, 0.0, 0.0, 0.0, 0.0, 0.0, 0.0, 0.0, 0.0, 0.0];0.7071067811865475
[0, 0, 4, 0, 1, 1, 5, 4, 2, 2, 0, 1, 3, 3, 2, 3, 4, 5, 4, 3, 2, 1, 5, 5];[0.0, 0.0, 0.2, 0.0, 0.2, 0.2, 0.2, 0.2, 0.2, 0.0, 0.2, 0.2];0.5773502691896258
[3, 1, 3, 4, 0, 1, 4, 5, 0, 2, 1, 2, 0, 5, 0, 2, 4, 4, 3, 5, 1, 2, 5, 3];[0.0, 0.0, 0.0, 0.6666666666666666, 0.0, 0.0, 0.0, 0.0, 0.0, 0.0, 0.0, 0.0];0.03162277660168379
[0, 5, 0, 5, 1, 3, 1, 3, 2, 2, 2, 2, 1, 3, 1, 3, 4, 4, 4, 4, 5, 0, 5, 0];[0.011560693641618497, 0.011560693641618497, 0.023121387283236993, 0.011560693641618497, 0.42196531791907516, 0.5086705202312138, 0.011560693641618497, 0.011560693641618497, 0.011560693641618497, 0.011560693641618497, 0.011560693641618497, 0.011560693641618497];0.7071067811865475
[4, 4, 0, 5, 1, 3, 1, 3, 2, 0, 2, 5, 3, 3, 1, 1, 5, 4, 0, 4, 5, 0, 2, 2];[0.0, 0.0, 0.0, 0.0, 0.0, 0.5, 0.5, 0.0, 0.0, 0.0, 0.0, 0.0];0.5773502691896258
[0, 1, 0, 1, 1, 5, 1, 5, 2, 2, 2, 2, 0, 3, 0, 3, 4, 4, 4, 4, 5, 3, 5, 3];[0.022727272727272728, 0.125, 0.1590909090909091, 0.022727272727272728, 0.125, 0.022727272727272728, 0.022727272727272728, 0.1590909090909091, 0.13636363636363635, 0.03409090909090909, 0.26136363636363635, 0.022727272727272728];1.0
[0, 1, 0, 1, 1, 5, 4, 4, 2, 2, 1, 5, 0, 3, 2, 2, 4, 4, 0, 3, 5, 5, 3, 3];[0.16666666666666666, 0.16666666666666666, 0.0, 0.16666666666666666, 0.16666666666666666, 0.16666666666666666, 0.16666666666666666, 0.16666666666666666, 0.0, 0.16666666666666666, 0.16666666666666666, 0.16666666666666666];0.7071067811865475
[0, 1, 0, 1, 1, 5, 2, 2, 2, 2, 0, 3, 0, 3, 4, 4, 4, 4, 1, 5, 3, 3, 5, 5];[0.0, 0.0, 0.0, 0.0, 0.0, 0.0, 0.0, 0.6666666666666666, 0.0, 0.0, 0.0, 0.0];0.7071067811865475
[3, 1, 3, 1, 0, 5, 0, 5, 2, 2, 2, 2, 0, 5, 0, 5, 4, 4, 4, 4, 1, 3, 1, 3];[0.14285714285714285, 0.14285714285714285, 0.14285714285714285, 0.14285714285714285, 0.14285714285714285, 0.14285714285714285, 0.14285714285714285, 0.14285714285714285, 0.14285714285714285, 0.14285714285714285, 0.14285714285714285, 0.14285714285714285];0.7071067811865475
[0, 5, 0, 5, 1, 3, 1, 3, 2, 2, 2, 2, 1, 3, 1, 3, 4, 4, 4, 4, 5, 0, 5, 0];[0.18181818181818182, 0.0, 0.18181818181818182, 0.18181818181818182, 0.18181818181818182, 0.18181818181818182, 0.0, 0.18181818181818182, 0.18181818181818182, 0.0, 0.18181818181818182, 0.18181818181818182];0.7071067811865475
[1, 1, 0, 0, 4, 4, 1, 5, 1, 5, 2, 2, 2, 2, 0, 3, 0, 3, 4, 4, 5, 3, 5, 3];[0.08695652173913043, 0.08695652173913043, 0.08695652173913043, 0.08695652173913043, 0.08695652173913043, 0.08695652173913043, 0.08695652173913043, 0.08695652173913043, 0.08695652173913043, 0.08695652173913043, 0.08695652173913043, 0.4782608695652174];0.7071067811865475
[0, 1, 0, 1, 1, 5, 1, 5, 2, 2, 2, 2, 0, 3, 0, 3, 4, 4, 4, 4, 5, 3, 5, 3];[0.18181818181818182, 0.0, 0.18181818181818182, 0.18181818181818182, 0.18181818181818182, 0.18181818181818182, 0.18181818181818182, 0.18181818181818182, 0.0, 0.0, 0.18181818181818182, 0.18181818181818182];1.0
[4, 4, 0, 1, 1, 5, 1, 5, 2, 0, 2, 1, 3, 3, 0, 0, 5, 4, 3, 4, 5, 3, 2, 2];[0.14285714285714285, 0.14285714285714285, 0.14285714285714285, 0.14285714285714285, 0.14285714285714285, 0.14285714285714285, 0.14285714285714285, 0.14285714285714285, 0.14285714285714285, 0.14285714285714285, 0.14285714285714285, 0.14285714285714285];0.7071067811865475
[0, 1, 2, 2, 5, 5, 1, 1, 3, 2, 5, 2, 0, 3, 0, 3, 4, 1, 4, 0, 4, 4, 5, 3];[0.18181818181818182, 0.18181818181818182, 0.18181818181818182, 0.18181818181818182, 0.18181818181818182, 0.18181818181818182, 0.18181818181818182, 0.0, 0.18181818181818182, 0.0, 0.18181818181818182, 0.0];0.7071067811865475
[0, 3, 0, 3, 1, 0, 1, 0, 2, 2, 2, 2, 5, 3, 5, 3, 4, 4, 4, 4, 5, 1, 5, 1];[0.0273972602739726, 0.0273972602739726, 0.1643835616438356, 0.0958904109589041, 0.0273972602739726, 0.0273972602739726, 0.0821917808219178, 0.1095890410958904, 0.0273972602739726, 0.0410958904109589, 0.3150684931506849, 0.1917808219178082];1.0
[4, 4, 0, 3, 1, 0, 1, 0, 2, 0, 2, 3, 3, 3, 5, 5, 5, 4, 1, 4, 5, 1, 2, 2];[0.16666666666666666, 0.0, 0.16666666666666666, 0.0, 0.16666666666666666, 0.16666666666666666, 0.16666666666666666, 0.16666666666666666, 0.16666666666666666, 0.16666666666666666, 0.16666666666666666, 0.16666666666666666];0.7071067811865475
[3, 3, 0, 0, 4, 4, 1, 0, 1, 0, 2, 2, 2, 2, 5, 3, 5, 3, 4, 4, 5, 1, 5, 1];[0.08695652173913043, 0.08695652173913043, 0.08695652173913043, 0.08695652173913043, 0.08695652173913043, 0.08695652173913043, 0.08695652173913043, 0.08695652173913043, 0.08695652173913043, 0.08695652173913043, 0.08695652173913043, 0.4782608695652174];0.7071067811865475
[0, 3, 0, 3, 1, 0, 1, 0, 2, 2, 2, 2, 5, 3, 5, 3, 4, 4, 4, 4, 5, 1, 5, 1];[0.0, 0.18181818181818182, 0.0, 0.18181818181818182, 0.18181818181818182, 0.18181818181818182, 0.18181818181818182, 0.18181818181818182, 0.0, 0.18181818181818182, 0.18181818181818182, 0.18181818181818182];1.0
[2, 2, 0, 3, 1, 0, 1, 0, 2, 1, 2, 5, 5, 5, 3, 3, 3, 4, 0, 4, 5, 1, 4, 4];[0.0, 0.2857142857142857, 0.0, 0.2857142857142857, 0.0, 0.2857142857142857, 0.2857142857142857, 0.0, 0.2857142857142857, 0.0, 0.0, 0.0];0.7071067811865475
[0, 0, 3, 3, 2, 2, 1, 0, 5, 3, 2, 2, 4, 4, 5, 3, 1, 0, 4, 4, 5, 1, 5, 1];[0.14285714285714285, 0.14285714285714285, 0.14285714285714285, 0.14285714285714285, 0.14285714285714285, 0.14285714285714285, 0.14285714285714285, 0.14285714285714285, 0.14285714285714285, 0.14285714285714285, 0.14285714285714285, 0.14285714285714285];0.7071067811865475
[1, 3, 1, 3, 5, 0, 5, 0, 2, 2, 2, 2, 5, 0, 5, 0, 4, 4, 4, 4, 3, 1, 3, 1];[0.0, 0.3333333333333333, 0.0, 0.0, 0.0, 0.3333333333333333, 0.0, 0.3333333333333333, 0.0, 0.0, 0.3333333333333333, 0.0];0.7071067811865475
[3, 3, 3, 3, 0, 0, 0, 0, 2, 2, 2, 2, 5, 5, 5, 5, 4, 4, 4, 4, 1, 1, 1, 1];[0.0, 0.0, 0.25, 0.25, 0.0, 0.25, 0.0, 0.25, 0.0, 0.25, 0.25, 0.0];0.7071067811865475
[0, 3, 0, 3, 1, 0, 2, 2, 2, 2, 5, 3, 5, 3, 4, 4, 4, 4, 1, 0, 1, 1, 5, 5];[0.0, 0.0, 0.0, 0.0, 0.0, 0.0, 0.0, 0.0, 0.6666666666666666, 0.0, 0.0, 0.0];0.7071067811865475
[1, 1, 1, 1, 5, 5, 5, 5, 2, 2, 2, 2, 0, 0, 0, 0, 4, 4, 4, 4, 3, 3, 3, 3];[0.04046242774566474, 0.011560693641618497, 0.011560693641618497, 0.011560693641618497, 0.011560693641618497, 0.5260115606936416, 0.011560693641618497, 0.3872832369942196, 0.011560693641618497, 0.011560693641618497, 0.011560693641618497, 0.011560693641618497];0.7071067811865475
[1, 0, 1, 0, 5, 1, 5, 1, 2, 2, 2, 2, 3, 0, 3, 0, 4, 4, 4, 4, 3, 5, 3, 5];[0.08791208791208792, 0.04395604395604396, 0.0989010989010989, 0.02197802197802198, 0.08791208791208792, 0.04395604395604396, 0.3956043956043956, 0.02197802197802198, 0.03296703296703297, 0.17582417582417584, 0.06593406593406594, 0.03296703296703297];1.0
[1, 3, 1, 3, 5, 0, 5, 0, 2, 2, 2, 2, 5, 0, 5, 0, 4, 4, 4, 4, 3, 1, 3, 1];[0.0, 0.5, 0.0, 0.0, 0.0, 0.0, 0.0, 0.0, 0.0, 0.5, 0.0, 0.0];0.5
[1, 1, 1, 1, 5, 5, 5, 5, 2, 2, 2, 2, 0, 0, 0, 0, 4, 4, 4, 4, 3, 3, 3, 3];[0.25, 0.0, 0.0, 0.25, 0.25, 0.25, 0.25, 0.25, 0.0, 0.0, 0.0, 0.0];0.7071067811865475
[5, 0, 5, 0, 3, 1, 3, 1, 2, 2, 2, 2, 3, 1, 3, 1, 4, 4, 4, 4, 0, 5, 0, 5];[0.05555555555555555, 0.05555555555555555, 0.05555555555555555, 0.05555555555555555, 0.05555555555555555, 0.05555555555555555, 0.4444444444444444, 0.2777777777777778, 0.05555555555555555, 0.05555555555555555, 0.05555555555555555, 0.05555555555555555];0.7071067811865475
[3, 0, 3, 0, 0, 1, 0, 1, 2, 2, 2, 2, 3, 5, 3, 5, 4, 4, 4, 4, 1, 5, 1, 5];[0.125, 0.125, 0.125, 0.125, 0.1875, 0.1875, 0.125, 0.125, 0.125, 0.125, 0.125, 0.125];1.0
[3, 3, 3, 3, 0, 0, 0, 0, 2, 2, 2, 2, 5, 5, 5, 5, 4, 4, 4, 4, 1, 1, 1, 1];[0.0, 0.0, 0.6666666666666666, 0.0, 0.0, 0.0, 0.0, 0.0, 0.0, 0.0, 0.0, 0.0];0.7071067811865475
[3, 1, 3, 1, 0, 5, 0, 5, 2, 2, 2, 2, 0, 5, 0, 5, 4, 4, 4, 4, 1, 3, 1, 3];[0.0, 0.0, 0.0, 0.0, 0.0, 0.0, 0.0, 0.0, 0.6666666666666666, 0.0, 0.0, 0.0];0.7071067811865475
[1, 0, 1, 0, 5, 1, 5, 1, 2, 2, 2, 2, 3, 0, 3, 0, 4, 4, 4, 4, 3, 5, 3, 5];[0.0, 0.2, 0.2, 0.0, 0.2, 0.2, 0.2, 0.2, 0.0, 0.2, 0.0, 0.2];1.0
[1, 0, 2, 2, 1, 1, 5, 5, 5, 2, 3, 2, 3, 0, 3, 0, 4, 0, 4, 1, 4, 4, 3, 5];[0.0, 0.0, 0.0, 0.0, 0.0, 0.5, 0.0, 0.0, 0.0, 0.5, 0.0, 0.0];0.7071067811865475
[1, 0, 1, 0, 5, 1, 4, 4, 2, 2, 5, 1, 3, 0, 2, 2, 4, 4, 3, 0, 3, 3, 5, 5];[0.0, 0.0, 0.0, 0.6666666666666666, 0.0, 0.0, 0.0, 0.0, 0.0, 0.0, 0.0, 0.0];0.5
[4, 4, 1, 0, 5, 1, 5, 1, 2, 1, 2, 0, 0, 0, 3, 3, 3, 4, 5, 4, 3, 5, 2, 2];[0.0, 0.2222222222222222, 0.0, 0.2222222222222222, 0.0, 0.2222222222222222, 0.2222222222222222, 0.2222222222222222, 0.2222222222222222, 0.2222222222222222, 0.0, 0.0];0.7071067811865475
[1, 0, 4, 4, 5, 5, 1, 1, 1, 2, 0, 2, 3, 0, 3, 0, 4, 3, 4, 5, 2, 2, 3, 5];[0.25, 0.0, 0.0, 0.25, 0.25, 0.0, 0.0, 0.0, 0.25, 0.25, 0.25, 0.0];0.7071067811865475
[0, 0, 1, 1, 4, 4, 5, 1, 5, 1, 2, 2, 2, 2, 3, 0, 3, 0, 4, 4, 3, 5, 3, 5];[0.3333333333333333, 0.3333333333333333, 0.0, 0.0, 0.0, 0.0, 0.0, 0.3333333333333333, 0.0, 0.3333333333333333, 0.0, 0.0];0.7071067811865475
[1, 0, 1, 0, 5, 1, 2, 2, 2, 2, 3, 0, 3, 0, 4, 4, 4, 4, 5, 1, 5, 5, 3, 3];[0.125, 0.125, 0.125, 0.125, 0.125, 0.125, 0.125, 0.125, 0.25, 0.125, 0.125, 0.125];0.7071067811865475
[1, 0, 1, 0, 5, 1, 5, 1, 2, 2, 2, 2, 3, 0, 3, 0, 4, 4, 4, 4, 3, 5, 3, 5];[0.0, 0.0, 0.0, 0.0, 0.0, 0.0, 0.5, 0.0, 0.0, 0.0, 0.5, 0.0];1.0
[1, 1, 0, 0, 2, 2, 5, 1, 3, 0, 2, 2, 4, 4, 3, 0, 5, 1, 4, 4, 3, 5, 3, 5];[0.6666666666666666, 0.0, 0.0, 0.0, 0.0, 0.0, 0.0, 0.0, 0.0, 0.0, 0.0, 0.0];0.7071067811865475
[1, 1, 4, 4, 5, 5, 5, 5, 1, 2, 1, 2, 0, 0, 0, 0, 4, 3, 4, 3, 2, 2, 3, 3];[0.2857142857142857, 0.0, 0.0, 0.2857142857142857, 0.0, 0.2857142857142857, 0.2857142857142857, 0.0, 0.0, 0.0, 0.0, 0.2857142857142857];0.5773502691896258
[0, 1, 0, 1, 1, 5, 1, 5, 2, 2, 2, 2, 0, 3, 0, 3, 4, 4, 4, 4, 5, 3, 5, 3];[0.3283582089552239, 0.029850746268656716, 0.029850746268656716, 0.029850746268656716, 0.029850746268656716, 0.029850746268656716, 0.1044776119402985, 0.11940298507462686, 0.1044776119402985, 0.029850746268656716, 0.208955223880597, 0.1044776119402985];1.0
[0, 1, 4, 4, 1, 1, 5, 5, 0, 2, 1, 2, 0, 3, 0, 3, 4, 5, 4, 3, 2, 2, 5, 3];[0.09090909090909091, 0.45454545454545453, 0.09090909090909091, 0.09090909090909091, 0.09090909090909091, 0.09090909090909091, 0.09090909090909091, 0.09090909090909091, 0.09090909090909091, 0.09090909090909091, 0.09090909090909091, 0.09090909090909091];0.7071067811865475
[0, 1, 0, 1, 1, 5, 1, 5, 2, 2, 2, 2, 0, 3, 0, 3, 4, 4, 4, 4, 5, 3, 5, 3];[0.2, 0.0, 0.2, 0.0, 0.2, 0.2, 0.2, 0.2, 0.2, 0.0, 0.2, 0.0];1.0
[3, 1, 3, 1, 0, 5, 0, 5, 2, 2, 2, 2, 0, 5, 0, 5, 4, 4, 4, 4, 1, 3, 1, 3];[0.0, 0.25, 0.25, 0.25, 0.0, 0.25, 0.25, 0.0, 0.0, 0.25, 0.0, 0.0];0.7071067811865475
[0, 1, 0, 1, 1, 5, 4, 4, 2, 2, 1, 5, 0, 3, 2, 2, 4, 4, 0, 3, 5, 5, 3, 3];[0.0, 0.0, 0.0, 0.2857142857142857, 0.0, 0.0, 0.2857142857142857, 0.0, 0.0, 0.2857142857142857, 0.2857142857142857, 0.2857142857142857];0.7071067811865475
[1, 1, 0, 0, 4, 4, 1, 5, 1, 5, 2, 2, 2, 2, 0, 3, 0, 3, 4, 4, 5, 3, 5, 3];[0.14285714285714285, 0.14285714285714285, 0.14285714285714285, 0.14285714285714285, 0.14285714285714285, 0.14285714285714285, 0.14285714285714285, 0.14285714285714285, 0.14285714285714285, 0.14285714285714285, 0.14285714285714285, 0.14285714285714285];0.7071067811865475
[1, 1, 1, 1, 5, 5, 5, 5, 2, 2, 2, 2, 0, 0, 0, 0, 4, 4, 4, 4, 3, 3, 3, 3];[0.0, 0.0, 0.2857142857142857, 0.2857142857142857, 0.0, 0.2857142857142857, 0.2857142857142857, 0.0, 0.0, 0.2857142857142857, 0.0, 0.0];0.7071067811865475
[0, 0, 1, 1, 2, 2, 1, 5, 0, 3, 2, 2, 4, 4, 0, 3, 1, 5, 4, 4, 5, 3, 5, 3];[0.2857142857142857, 0.0, 0.2857142857142857, 0.0, 0.2857142857142857, 0.0, 0.0, 0.2857142857142857, 0.0, 0.0, 0.2857142857142857, 0.0];0.7071067811865475
[0, 0, 1, 1, 2, 2, 1, 5, 0, 3, 2, 2, 4, 4, 0, 3, 1, 5, 4, 4, 5, 3, 5, 3];[0.011627906976744186, 0.011627906976744186, 0.011627906976744186, 0.011627906976744186, 0.011627906976744186, 0.011627906976744186, 0.011627906976744186, 0.011627906976744186, 0.011627906976744186, 0.011627906976744186, 0.9302325581395349, 0.011627906976744186];0.7071067811865475
[0, 1, 0, 1, 1, 5, 1, 5, 2, 2, 2, 2, 0, 3, 0, 3, 4, 4, 4, 4, 5, 3, 5, 3];[0.01875, 0.1125, 0.15, 0.05, 0.125, 0.1625, 0.125, 0.15625, 0.0125, 0.0125, 0.0125, 0.125];1.0
[0, 0, 0, 0, 1, 1, 1, 1, 2, 2, 2, 2, 3, 3, 3, 3, 4, 4, 4, 4, 5, 5, 5, 5];[0.07692307692307693, 0.07692307692307693, 0.15384615384615385, 0.07692307692307693, 0.11538461538461539, 0.23076923076923078, 0.11538461538461539, 0.15384615384615385, 0.11538461538461539, 0.07692307692307693, 0.11538461538461539, 0.07692307692307693];0.7071067811865475
[4, 4, 0, 0, 1, 1, 1, 1, 2, 0, 2, 0, 3, 3, 3, 3, 5, 4, 5, 4, 5, 5, 2, 2];[0.0, 0.0, 0.0, 0.0, 0.0, 0.0, 0.0, 0.5, 0.0, 0.5, 0.0, 0.0];1.0
[3, 0, 3, 0, 0, 1, 0, 1, 2, 2, 2, 2, 3, 5, 3, 5, 4, 4, 4, 4, 1, 5, 1, 5];[0.5, 0.0, 0.5, 0.0, 0.0, 0.0, 0.0, 0.0, 0.0, 0.0, 0.0, 0.0];1.0
[1, 0, 1, 0, 5, 1, 5, 1, 2, 2, 2, 2, 3, 0, 3, 0, 4, 4, 4, 4, 3, 5, 3, 5];[0.0, 0.0, 0.0, 0.0, 0.0, 0.0, 0.0, 0.0, 0.0, 0.6666666666666666, 0.0, 0.0];1.0
[0, 3, 0, 3, 1, 0, 1, 0, 2, 2, 2, 2, 5, 3, 5, 3, 4, 4, 4, 4, 5, 1, 5, 1];[0.0, 0.3333333333333333, 0.3333333333333333, 0.0, 0.0, 0.0, 0.3333333333333333, 0.0, 0.0, 0.3333333333333333, 0.0, 0.0];1.0
[0, 1, 0, 1, 1, 5, 1, 5, 2, 2, 2, 2, 0, 3, 0, 3, 4, 4, 4, 4, 5, 3, 5, 3];[0.0, 0.0, 0.0, 0.0, 0.0, 0.0, 0.0, 0.0, 0.0, 0.0, 0.6666666666666666, 0.0];1.0
[0, 0, 0, 0, 1, 1, 4, 4, 2, 2, 1, 1, 3, 3, 2, 2, 4, 4, 3, 3, 5, 5, 5, 5];[0.6666666666666666, 0.0, 0.0, 0.0, 0.0, 0.0, 0.0, 0.0, 0.0, 0.0, 0.0, 0.0];1.0
[0, 0, 0, 0, 4, 4, 1, 1, 1, 1, 2, 2, 2, 2, 3, 3, 3, 3, 4, 4, 5, 5, 5, 5];[0.0, 0.0, 0.0, 0.0, 0.0, 0.0, 0.6666666666666666, 0.0, 0.0, 0.0, 0.0, 0.0];1.0
[0, 1, 2, 2, 5, 5, 1, 1, 3, 2, 5, 2, 0, 3, 0, 3, 4, 1, 4, 0, 4, 4, 5, 3];[0.3333333333333333, 0.1111111111111111, 0.1111111111111111, 0.1111111111111111, 0.1111111111111111, 0.1111111111111111, 0.1111111111111111, 0.1111111111111111, 0.1111111111111111, 0.1111111111111111, 0.1111111111111111, 0.1111111111111111];0.7071067811865475
[0, 1, 0, 1, 1, 5, 1, 5, 2, 2, 2, 2, 0, 3, 0, 3, 4, 4, 4, 4, 5, 3, 5, 3];[0.3333333333333333, 0.0, 0.0, 0.0, 0.0, 0.3333333333333333, 0.0, 0.3333333333333333, 0.0, 0.0, 0.3333333333333333, 0.0];1.0
[0, 0, 1, 1, 2, 2, 1, 5, 0, 3, 2, 2, 4, 4, 0, 3, 1, 5, 4, 4, 5, 3, 5, 3];[0.1, 0.1, 0.1, 0.1, 0.1, 0.1, 0.1, 0.1, 0.1, 0.1, 0.4, 0.1];0.7071067811865475
[0, 1, 0, 1, 1, 5, 1, 5, 2, 2, 2, 2, 0, 3, 0, 3, 4, 4, 4, 4, 5, 3, 5, 3];[0.0, 0.25, 0.0, 0.0, 0.25, 0.25, 0.25, 0.0, 0.25, 0.0, 0.0, 0.25];1.0
[1, 1, 1, 1, 5, 5, 5, 5, 2, 2, 2, 2, 0, 0, 0, 0, 4, 4, 4, 4, 3, 3, 3, 3];[0.1, 0.1, 0.1, 0.1, 0.1, 0.3, 0.1, 0.2, 0.1, 0.1, 0.1, 0.1];0.7071067811865475
[1, 0, 1, 0, 5, 1, 5, 1, 2, 2, 2, 2, 3, 0, 3, 0, 4, 4, 4, 4, 3, 5, 3, 5];[0.0, 0.3333333333333333, 0.3333333333333333, 0.3333333333333333, 0.0, 0.0, 0.0, 0.0, 0.0, 0.0, 0.0, 0.3333333333333333];1.0
[0, 1, 0, 1, 1, 5, 1, 5, 2, 2, 2, 2, 0, 3, 0, 3, 4, 4, 4, 4, 5, 3, 5, 3];[0.0, 0.0, 0.0, 0.0, 0.0, 0.5, 0.0, 0.0, 0.0, 0.0, 0.5, 0.0];1.0
[0, 1, 4, 4, 1, 1, 5, 5, 0, 2, 1, 2, 0, 3, 0, 3, 4, 5, 4, 3, 2, 2, 5, 3];[0.0, 0.0, 0.0, 0.0, 0.0, 0.0, 0.0, 0.0, 0.6666666666666666, 0.0, 0.0, 0.0];0.03162277660168379
[2, 2, 0, 1, 1, 5, 1, 5, 2, 3, 2, 5, 0, 0, 3, 3, 1, 4, 0, 4, 5, 3, 4, 4];[0.0, 0.0, 0.0, 0.25, 0.25, 0.25, 0.25, 0.0, 0.25, 0.0, 0.25, 0.0];0.7071067811865475
[0, 5, 0, 5, 1, 3, 1, 3, 2, 2, 2, 2, 1, 3, 1, 3, 4, 4, 4, 4, 5, 0, 5, 0];[0.1, 0.1, 0.1, 0.1, 0.2, 0.3, 0.1, 0.1, 0.1, 0.1, 0.1, 0.1];0.7071067811865475
[0, 1, 0, 1, 1, 5, 1, 5, 2, 2, 2, 2, 0, 3, 0, 3, 4, 4, 4, 4, 5, 3, 5, 3];[0.0, 0.0, 0.0, 0.0, 0.0, 0.3333333333333333, 0.3333333333333333, 0.3333333333333333, 0.0, 0.0, 0.3333333333333333, 0.0];1.0
[0, 3, 0, 3, 1, 0, 1, 0, 2, 2, 2, 2, 5, 3, 5, 3, 4, 4, 4, 4, 5, 1, 5, 1];[0.0, 0.0, 0.0, 0.5, 0.0, 0.5, 0.0, 0.0, 0.0, 0.0, 0.0, 0.0];1.0
[4, 4, 0, 1, 1, 5, 1, 5, 2, 0, 2, 1, 3, 3, 0, 0, 5, 4, 3, 4, 5, 3, 2, 2];[0.08333333333333333, 0.08333333333333333, 0.08333333333333333, 0.5, 0.08333333333333333, 0.08333333333333333, 0.08333333333333333, 0.08333333333333333, 0.08333333333333333, 0.08333333333333333, 0.08333333333333333, 0.08333333333333333];0.7071067811865475
[0, 1, 0, 1, 1, 5, 1, 5, 2, 2, 2, 2, 0, 3, 0, 3, 4, 4, 4, 4, 5, 3, 5, 3];[0.16666666666666666, 0.16666666666666666, 0.16666666666666666, 0.0, 0.0, 0.16666666666666666, 0.16666666666666666, 0.16666666666666666, 0.16666666666666666, 0.16666666666666666, 0.16666666666666666, 0.16666666666666666];1.0
[3, 1, 3, 1, 0, 5, 0, 5, 2, 2, 2, 2, 0, 5, 0, 5, 4, 4, 4, 4, 1, 3, 1, 3];[0.08, 0.08, 0.08, 0.08, 0.08, 0.36, 0.24, 0.08, 0.08, 0.08, 0.08, 0.08];0.7071067811865475
[3, 0, 3, 0, 0, 1, 0, 1, 2, 2, 2, 2, 3, 5, 3, 5, 4, 4, 4, 4, 1, 5, 1, 5];[0.0, 0.0, 0.2222222222222222, 0.2222222222222222, 0.2222222222222222, 0.2222222222222222, 0.2222222222222222, 0.0, 0.2222222222222222, 0.0, 0.2222222222222222, 0.0];1.0
[0, 1, 0, 1, 1, 5, 1, 5, 2, 2, 2, 2, 0, 3, 0, 3, 4, 4, 4, 4, 5, 3, 5, 3];[0.0, 0.0, 0.0, 0.0, 0.3333333333333333, 0.0, 0.0, 0.3333333333333333, 0.0, 0.0, 0.3333333333333333, 0.3333333333333333];1.0
[4, 4, 0, 1, 1, 5, 1, 5, 2, 0, 2, 1, 3, 3, 0, 0, 5, 4, 3, 4, 5, 3, 2, 2];[0.009523809523809525, 0.009523809523809525, 0.009523809523809525, 0.9333333333333333, 0.009523809523809525, 0.01904761904761905, 0.009523809523809525, 0.009523809523809525, 0.009523809523809525, 0.009523809523809525, 0.009523809523809525, 0.009523809523809525];0.7071067811865475
[4, 0, 0, 3, 1, 4, 1, 1, 0, 1, 2, 2, 2, 3, 3, 0, 5, 4, 3, 4, 5, 5, 2, 5];[0.5, 0.0, 0.0, 0.5, 0.0, 0.0, 0.0, 0.0, 0.0, 0.0, 0.0, 0.0];0.5773502691896258
[0, 1, 0, 1, 1, 5, 1, 5, 2, 2, 2, 2, 0, 3, 0, 3, 4, 4, 4, 4, 5, 3, 5, 3];[0.25, 0.07142857142857142, 0.01020408163265306, 0.030612244897959183, 0.07653061224489796, 0.23979591836734693, 0.07653061224489796, 0.09693877551020408, 0.08673469387755102, 0.025510204081632654, 0.01020408163265306, 0.07653061224489796];1.0
[1, 1, 1, 1, 5, 5, 5, 5, 2, 2, 2, 2, 0, 0, 0, 0, 4, 4, 4, 4, 3, 3, 3, 3];[0.13333333333333333, 0.13333333333333333, 0.13333333333333333, 0.13333333333333333, 0.13333333333333333, 0.2, 0.13333333333333333, 0.13333333333333333, 0.13333333333333333, 0.13333333333333333, 0.13333333333333333, 0.13333333333333333];0.7071067811865475
[1, 0, 1, 0, 5, 1, 5, 1, 2, 2, 2, 2, 3, 0, 3, 0, 4, 4, 4, 4, 3, 5, 3, 5];[0.0, 0.0, 0.0, 0.0, 0.0, 0.0, 0.0, 0.0, 0.0, 0.0, 0.0, 0.6666666666666666];1.0
[0, 0, 0, 0, 1, 1, 1, 1, 2, 2, 2, 2, 3, 3, 3, 3, 4, 4, 4, 4, 5, 5, 5, 5];[0.06382978723404255, 0.0851063829787234, 0.1276595744680851, 0.06382978723404255, 0.10638297872340426, 0.2127659574468085, 0.10638297872340426, 0.1276595744680851, 0.0851063829787234, 0.0851063829787234, 0.0851063829787234, 0.06382978723404255];0.7071067811865475
[3, 0, 3, 0, 0, 1, 0, 1, 2, 2, 2, 2, 3, 5, 3, 5, 4, 4, 4, 4, 1, 5, 1, 5];[0.0, 0.3333333333333333, 0.0, 0.3333333333333333, 0.0, 0.0, 0.3333333333333333, 0.0, 0.0, 0.3333333333333333, 0.0, 0.0];1.0
[0, 1, 0, 1, 1, 5, 1, 5, 2, 2, 2, 2, 0, 3, 0, 3, 4, 4, 4, 4, 5, 3, 5, 3];[0.0, 0.0, 0.0, 0.0, 0.0, 0.4, 0.4, 0.0, 0.4, 0.0, 0.0, 0.0];1.0
[0, 3, 0, 3, 1, 0, 1, 0, 2, 2, 2, 2, 5, 3, 5, 3, 4, 4, 4, 4, 5, 1, 5, 1];[0.0, 0.0, 0.2, 0.2, 0.2, 0.2, 0.2, 0.2, 0.2, 0.0, 0.2, 0.0];1.0
[0, 0, 2, 2, 1, 1, 1, 1, 5, 2, 5, 2, 3, 3, 3, 3, 4, 0, 4, 0, 4, 4, 5, 5];[0.5, 0.5, 0.0, 0.0, 0.0, 0.0, 0.0, 0.0, 0.0, 0.0, 0.0, 0.0];1.0
[1, 0, 1, 0, 5, 1, 5, 1, 2, 2, 2, 2, 3, 0, 3, 0, 4, 4, 4, 4, 3, 5, 3, 5];[0.4, 0.0, 0.0, 0.4, 0.0, 0.4, 0.0, 0.0, 0.0, 0.0, 0.0, 0.0];1.0
[0, 0, 0, 0, 4, 4, 1, 1, 1, 1, 2, 2, 2, 2, 3, 3, 3, 3, 4, 4, 5, 5, 5, 5];[0.0, 0.0, 0.0, 0.0, 0.0, 0.5, 0.0, 0.5, 0.0, 0.0, 0.0, 0.0];1.0
[4, 4, 0, 0, 1, 1, 1, 1, 2, 0, 2, 0, 3, 3, 3, 3, 5, 4, 5, 4, 5, 5, 2, 2];[0.3333333333333333, 0.0, 0.0, 0.0, 0.0, 0.0, 0.0, 0.3333333333333333, 0.3333333333333333, 0.0, 0.3333333333333333, 0.0];1.0
[0, 0, 0, 0, 2, 2, 1, 1, 3, 3, 2, 2, 4, 4, 3, 3, 1, 1, 4, 4, 5, 5, 5, 5];[0.0, 0.6666666666666666, 0.0, 0.0, 0.0, 0.0, 0.0, 0.0, 0.0, 0.0, 0.0, 0.0];1.0
[0, 0, 4, 4, 1, 1, 1, 1, 0, 2, 0, 2, 3, 3, 3, 3, 4, 5, 4, 5, 2, 2, 5, 5];[0.0, 0.0, 0.0, 0.0, 0.0, 0.0, 0.0, 0.0, 0.0, 0.0, 0.0, 0.6666666666666666];1.0
[0, 0, 0, 0, 1, 1, 2, 2, 2, 2, 3, 3, 3, 3, 4, 4, 4, 4, 1, 1, 5, 5, 5, 5];[0.0, 0.5, 0.0, 0.0, 0.0, 0.0, 0.5, 0.0, 0.0, 0.0, 0.0, 0.0];1.0
[0, 0, 0, 0, 1, 1, 4, 4, 2, 2, 1, 1, 3, 3, 2, 2, 4, 4, 3, 3, 5, 5, 5, 5];[0.5, 0.0, 0.0, 0.0, 0.0, 0.0, 0.0, 0.0, 0.0, 0.5, 0.0, 0.0];1.0
[2, 2, 0, 0, 1, 1, 1, 1, 2, 5, 2, 5, 3, 3, 3, 3, 0, 4, 0, 4, 5, 5, 4, 4];[0.0, 0.0, 0.0, 0.0, 0.0, 0.0, 0.0, 0.0, 0.0, 0.6666666666666666, 0.0, 0.0];1.0
[0, 1, 4, 4, 1, 1, 5, 5, 0, 2, 1, 2, 0, 3, 0, 3, 4, 5, 4, 3, 2, 2, 5, 3];[0.04081632653061224, 0.7551020408163265, 0.04081632653061224, 0.04081632653061224, 0.04081632653061224, 0.04081632653061224, 0.04081632653061224, 0.04081632653061224, 0.04081632653061224, 0.04081632653061224, 0.04081632653061224, 0.04081632653061224];0.7071067811865475
[0, 1, 0, 1, 1, 5, 1, 5, 2, 2, 2, 2, 0, 3, 0, 3, 4, 4, 4, 4, 5, 3, 5, 3];[0.05405405405405406, 0.16216216216216217, 0.21621621621621623, 0.05405405405405406, 0.16216216216216217, 0.05405405405405406, 0.1891891891891892, 0.05405405405405406, 0.05405405405405406, 0.05405405405405406, 0.05405405405405406, 0.16216216216216217];1.0
[0, 5, 0, 5, 1, 3, 1, 3, 2, 2, 2, 2, 1, 3, 1, 3, 4, 4, 4, 4, 5, 0, 5, 0];[0.0, 0.0, 0.3333333333333333, 0.3333333333333333, 0.3333333333333333, 0.0, 0.3333333333333333, 0.0, 0.0, 0.0, 0.0, 0.0];0.7071067811865475
[1, 1, 1, 1, 5, 5, 5, 5, 2, 2, 2, 2, 0, 0, 0, 0, 4, 4, 4, 4, 3, 3, 3, 3];[0.2857142857142857, 0.0, 0.0, 0.2857142857142857, 0.0, 0.2857142857142857, 0.2857142857142857, 0.2857142857142857, 0.0, 0.0, 0.0, 0.0];0.7071067811865475
[0, 1, 2, 2, 5, 5, 1, 1, 3, 2, 5, 2, 0, 3, 0, 3, 4, 1, 4, 0, 4, 4, 5, 3];[0.3333333333333333, 0.3333333333333333, 0.0, 0.0, 0.0, 0.0, 0.0, 0.3333333333333333, 0.3333333333333333, 0.0, 0.0, 0.0];0.7071067811865475
[0, 0, 1, 1, 2, 2, 1, 5, 0, 3, 2, 2, 4, 4, 0, 3, 1, 5, 4, 4, 5, 3, 5, 3];[0.0, 0.0, 0.0, 0.0, 0.0, 0.3333333333333333, 0.3333333333333333, 0.3333333333333333, 0.0, 0.0, 0.0, 0.3333333333333333];0.7071067811865475
[4, 4, 0, 1, 1, 5, 1, 5, 2, 0, 2, 1, 3, 3, 0, 0, 5, 4, 3, 4, 5, 3, 2, 2];[0.0, 0.25, 0.25, 0.0, 0.25, 0.25, 0.0, 0.25, 0.0, 0.0, 0.0, 0.25];0.7071067811865475
[3, 1, 3, 1, 0, 5, 0, 5, 2, 2, 2, 2, 0, 5, 0, 5, 4, 4, 4, 4, 1, 3, 1, 3];[0.10526315789473684, 0.10526315789473684, 0.10526315789473684, 0.10526315789473684, 0.10526315789473684, 0.3157894736842105, 0.15789473684210525, 0.10526315789473684, 0.10526315789473684, 0.10526315789473684, 0.10526315789473684, 0.10526315789473684];0.7071067811865475
[0, 1, 0, 1, 1, 5, 1, 5, 2, 2, 2, 2, 0, 3, 0, 3, 4, 4, 4, 4, 5, 3, 5, 3];[0.0, 0.0, 0.0, 0.0, 0.0, 0.0, 0.6666666666666666, 0.0, 0.0, 0.0, 0.0, 0.0];1.0
[3, 0, 3, 0, 0, 1, 0, 1, 2, 2, 2, 2, 3, 5, 3, 5, 4, 4, 4, 4, 1, 5, 1, 5];[0.0, 0.0, 0.3333333333333333, 0.0, 0.0, 0.3333333333333333, 0.3333333333333333, 0.0, 0.0, 0.0, 0.3333333333333333, 0.0];1.0
[0, 5, 0, 5, 1, 3, 1, 3, 2, 2, 2, 2, 1, 3, 1, 3, 4, 4, 4, 4, 5, 0, 5, 0];[0.13333333333333333, 0.13333333333333333, 0.13333333333333333, 0.13333333333333333, 0.13333333333333333, 0.2, 0.13333333333333333, 0.13333333333333333, 0.13333333333333333, 0.13333333333333333, 0.13333333333333333, 0.13333333333333333];0.7071067811865475
[0, 1, 0, 1, 1, 5, 1, 5, 2, 2, 2, 2, 0, 3, 0, 3, 4, 4, 4, 4, 5, 3, 5, 3];[0.0, 0.0, 0.6666666666666666, 0.0, 0.0, 0.0, 0.0, 0.0, 0.0, 0.0, 0.0, 0.0];1.0
[0, 0, 1, 1, 2, 2, 1, 5, 0, 3, 2, 2, 4, 4, 0, 3, 1, 5, 4, 4, 5, 3, 5, 3];[0.13333333333333333, 0.13333333333333333, 0.13333333333333333, 0.13333333333333333, 0.13333333333333333, 0.13333333333333333, 0.13333333333333333, 0.13333333333333333, 0.13333333333333333, 0.13333333333333333, 0.2, 0.13333333333333333];0.7071067811865475
[0, 1, 0, 1, 1, 5, 1, 5, 2, 2, 2, 2, 0, 3, 0, 3, 4, 4, 4, 4, 5, 3, 5, 3];[0.6666666666666666, 0.0, 0.0, 0.0, 0.0, 0.0, 0.0, 0.0, 0.0, 0.0, 0.0, 0.0];1.0
[0, 1, 0, 1, 1, 5, 4, 4, 2, 2, 1, 5, 0, 3, 2, 2, 4, 4, 0, 3, 5, 5, 3, 3];[0.11764705882352941, 0.11764705882352941, 0.11764705882352941, 0.11764705882352941, 0.11764705882352941, 0.11764705882352941, 0.11764705882352941, 0.11764705882352941, 0.11764705882352941, 0.29411764705882354, 0.11764705882352941, 0.11764705882352941];0.7071067811865475
[0, 1, 0, 1, 1, 5, 1, 5, 2, 2, 2, 2, 0, 3, 0, 3, 4, 4, 4, 4, 5, 3, 5, 3];[0.0, 0.0, 0.0, 0.0, 0.0, 0.4, 0.0, 0.0, 0.4, 0.0, 0.4, 0.0];1.0
[0, 1, 2, 2, 5, 5, 1, 1, 3, 2, 5, 2, 0, 3, 0, 3, 4, 1, 4, 0, 4, 4, 5, 3];[0.14285714285714285, 0.14285714285714285, 0.14285714285714285, 0.14285714285714285, 0.14285714285714285, 0.14285714285714285, 0.14285714285714285, 0.14285714285714285, 0.14285714285714285, 0.14285714285714285, 0.14285714285714285, 0.14285714285714285];0.7071067811865475
[0, 1, 0, 1, 1, 5, 2, 2, 2, 2, 0, 3, 0, 3, 4, 4, 4, 4, 1, 5, 3, 3, 5, 5];[0.0, 0.0, 0.0, 0.0, 0.4, 0.0, 0.0, 0.4, 0.0, 0.4, 0.0, 0.0];0.7071067811865475
[2, 2, 0, 1, 1, 5, 1, 5, 2, 3, 2, 5, 0, 0, 3, 3, 1, 4, 0, 4, 5, 3, 4, 4];[0.0, 0.0, 0.0, 0.0, 0.0, 0.0, 0.3333333333333333, 0.0, 0.3333333333333333, 0.3333333333333333, 0.3333333333333333, 0.0];0.7071067811865475
[0, 1, 0, 1, 1, 5, 4, 4, 2, 2, 1, 5, 0, 3, 2, 2, 4, 4, 0, 3, 5, 5, 3, 3];[0.010752688172043012, 0.010752688172043012, 0.010752688172043012, 0.010752688172043012, 0.010752688172043012, 0.010752688172043012, 0.010752688172043012, 0.010752688172043012, 0.010752688172043012, 0.9354838709677419, 0.010752688172043012, 0.010752688172043012];0.7071067811865475
[0, 1, 0, 1, 1, 5, 1, 5, 2, 2, 2, 2, 0, 3, 0, 3, 4, 4, 4, 4, 5, 3, 5, 3];[0.28160919540229884, 0.011494252873563218, 0.017241379310344827, 0.034482758620689655, 0.08620689655172414, 0.20689655172413793, 0.08620689655172414, 0.10919540229885058, 0.09770114942528736, 0.028735632183908046, 0.011494252873563218, 0.08620689655172414];1.0
[3, 1, 3, 1, 0, 5, 0, 5, 2, 2, 2, 2, 0, 5, 0, 5, 4, 4, 4, 4, 1, 3, 1, 3];[0.10526315789473684, 0.10526315789473684, 0.10526315789473684, 0.10526315789473684, 0.10526315789473684, 0.3157894736842105, 0.15789473684210525, 0.10526315789473684, 0.10526315789473684, 0.10526315789473684, 0.10526315789473684, 0.10526315789473684];0.7071067811865475
[3, 0, 3, 0, 0, 1, 0, 1, 2, 2, 2, 2, 3, 5, 3, 5, 4, 4, 4, 4, 1, 5, 1, 5];[0.0, 0.3333333333333333, 0.0, 0.0, 0.3333333333333333, 0.0, 0.0, 0.0, 0.3333333333333333, 0.3333333333333333, 0.0, 0.0];1.0
[0, 1, 0, 1, 1, 5, 1, 5, 2, 2, 2, 2, 0, 3, 0, 3, 4, 4, 4, 4, 5, 3, 5, 3];[0.6666666666666666, 0.0, 0.0, 0.0, 0.0, 0.0, 0.0, 0.0, 0.0, 0.0, 0.0, 0.0];1.0
[0, 1, 4, 4, 1, 1, 5, 5, 0, 2, 1, 2, 0, 3, 0, 3, 4, 5, 4, 3, 2, 2, 5, 3];[0.04081632653061224, 0.7551020408163265, 0.04081632653061224, 0.04081632653061224, 0.04081632653061224, 0.04081632653061224, 0.04081632653061224, 0.04081632653061224, 0.04081632653061224, 0.04081632653061224, 0.04081632653061224, 0.04081632653061224];0.7071067811865475
[0, 1, 0, 1, 1, 5, 1, 5, 2, 2, 2, 2, 0, 3, 0, 3, 4, 4, 4, 4, 5, 3, 5, 3];[0.35135135135135137, 0.10810810810810811, 0.13513513513513514, 0.05405405405405406, 0.05405405405405406, 0.05405405405405406, 0.10810810810810811, 0.13513513513513514, 0.10810810810810811, 0.05405405405405406, 0.05405405405405406, 0.05405405405405406];1.0
[0, 1, 0, 1, 1, 5, 4, 4, 2, 2, 1, 5, 0, 3, 2, 2, 4, 4, 0, 3, 5, 5, 3, 3];[0.0, 0.0, 0.0, 0.5, 0.0, 0.0, 0.0, 0.0, 0.0, 0.5, 0.0, 0.0];0.7071067811865475
[0, 1, 4, 4, 1, 1, 5, 5, 0, 2, 1, 2, 0, 3, 0, 3, 4, 5, 4, 3, 2, 2, 5, 3];[0.15384615384615385, 0.15384615384615385, 0.0, 0.15384615384615385, 0.15384615384615385, 0.15384615384615385, 0.15384615384615385, 0.15384615384615385, 0.15384615384615385, 0.15384615384615385, 0.15384615384615385, 0.15384615384615385];0.7071067811865475
[0, 1, 2, 2, 5, 5, 1, 1, 3, 2, 5, 2, 0, 3, 0, 3, 4, 1, 4, 0, 4, 4, 5, 3];[0.0, 0.0, 0.5, 0.0, 0.0, 0.5, 0.0, 0.0, 0.0, 0.0, 0.0, 0.0];0.7071067811865475
[1, 1, 1, 1, 5, 5, 5, 5, 2, 2, 2, 2, 0, 0, 0, 0, 4, 4, 4, 4, 3, 3, 3, 3];[0.0, 0.0, 0.0, 0.5, 0.0, 0.0, 0.0, 0.0, 0.5, 0.0, 0.0, 0.0];0.7071067811865475
[3, 1, 3, 1, 0, 5, 0, 5, 2, 2, 2, 2, 0, 5, 0, 5, 4, 4, 4, 4, 1, 3, 1, 3];[0.0, 0.0, 0.0, 0.4, 0.0, 0.4, 0.0, 0.0, 0.0, 0.0, 0.0, 0.4];0.7071067811865475
[4, 4, 0, 1, 1, 5, 1, 5, 2, 0, 2, 1, 3, 3, 0, 0, 5, 4, 3, 4, 5, 3, 2, 2];[0.0, 0.4, 0.0, 0.0, 0.4, 0.4, 0.0, 0.0, 0.0, 0.0, 0.0, 0.0];0.7071067811865475
[0, 5, 0, 5, 1, 3, 1, 3, 2, 2, 2, 2, 1, 3, 1, 3, 4, 4, 4, 4, 5, 0, 5, 0];[0.13333333333333333, 0.13333333333333333, 0.13333333333333333, 0.13333333333333333, 0.13333333333333333, 0.2, 0.13333333333333333, 0.13333333333333333, 0.13333333333333333, 0.13333333333333333, 0.13333333333333333, 0.13333333333333333];0.7071067811865475
[0, 1, 0, 1, 1, 5, 1, 5, 2, 2, 2, 2, 0, 3, 0, 3, 4, 4, 4, 4, 5, 3, 5, 3];[0.6666666666666666, 0.0, 0.0, 0.0, 0.0, 0.0, 0.0, 0.0, 0.0, 0.0, 0.0, 0.0];1.0
[1, 1, 1, 1, 5, 5, 5, 5, 2, 2, 2, 2, 0, 0, 0, 0, 4, 4, 4, 4, 3, 3, 3, 3];[0.13333333333333333, 0.13333333333333333, 0.13333333333333333, 0.13333333333333333, 0.13333333333333333, 0.2, 0.13333333333333333, 0.13333333333333333, 0.13333333333333333, 0.13333333333333333, 0.13333333333333333, 0.13333333333333333];0.7071067811865475
[1, 0, 1, 0, 5, 1, 5, 1, 2, 2, 2, 2, 3, 0, 3, 0, 4, 4, 4, 4, 3, 5, 3, 5];[0.0, 0.0, 0.0, 0.0, 0.0, 0.0, 0.0, 0.0, 0.0, 0.0, 0.0, 0.6666666666666666];1.0
[0, 1, 0, 1, 1, 5, 4, 4, 2, 2, 1, 5, 0, 3, 2, 2, 4, 4, 0, 3, 5, 5, 3, 3];[0.11764705882352941, 0.11764705882352941, 0.11764705882352941, 0.11764705882352941, 0.11764705882352941, 0.11764705882352941, 0.11764705882352941, 0.11764705882352941, 0.11764705882352941, 0.29411764705882354, 0.11764705882352941, 0.11764705882352941];0.7071067811865475
[0, 1, 0, 1, 1, 5, 1, 5, 2, 2, 2, 2, 0, 3, 0, 3, 4, 4, 4, 4, 5, 3, 5, 3];[0.4, 0.4, 0.0, 0.0, 0.0, 0.0, 0.0, 0.0, 0.0, 0.0, 0.0, 0.4];1.0
[4, 4, 0, 1, 1, 5, 1, 5, 2, 0, 2, 1, 3, 3, 0, 0, 5, 4, 3, 4, 5, 3, 2, 2];[0.0, 0.0, 0.6666666666666666, 0.0, 0.0, 0.0, 0.0, 0.0, 0.0, 0.0, 0.0, 0.0];0.5
[0, 1, 0, 1, 1, 5, 2, 2, 2, 2, 0, 3, 0, 3, 4, 4, 4, 4, 1, 5, 3, 3, 5, 5];[0.0, 0.0, 0.4, 0.0, 0.0, 0.4, 0.0, 0.4, 0.0, 0.0, 0.0, 0.0];0.7071067811865475
[0, 0, 0, 0, 1, 1, 1, 1, 2, 2, 2, 2, 3, 3, 3, 3, 4, 4, 4, 4, 5, 5, 5, 5];[0.05555555555555555, 0.08333333333333333, 0.1388888888888889, 0.08333333333333333, 0.1111111111111111, 0.2222222222222222, 0.1111111111111111, 0.1388888888888889, 0.1111111111111111, 0.08333333333333333, 0.08333333333333333, 0.05555555555555555];0.7071067811865475
[1, 0, 1, 0, 5, 1, 5, 1, 2, 2, 2, 2, 3, 0, 3, 0, 4, 4, 4, 4, 3, 5, 3, 5];[0.0, 0.0, 0.0, 0.0, 0.0, 0.0, 0.0, 0.5, 0.5, 0.0, 0.0, 0.0];1.0
[0, 0, 2, 2, 1, 1, 1, 1, 5, 2, 5, 2, 3, 3, 3, 3, 4, 0, 4, 0, 4, 4, 5, 5];[0.0, 0.0, 0.0, 0.0, 0.0, 0.6666666666666666, 0.0, 0.0, 0.0, 0.0, 0.0, 0.0];1.0
[0, 0, 0, 0, 4, 4, 1, 1, 1, 1, 2, 2, 2, 2, 3, 3, 3, 3, 4, 4, 5, 5, 5, 5];[0.0, 0.0, 0.0, 0.0, 0.0, 0.0, 0.6666666666666666, 0.0, 0.0, 0.0, 0.0, 0.0];1.0
[0, 3, 0, 3, 1, 0, 1, 0, 2, 2, 2, 2, 5, 3, 5, 3, 4, 4, 4, 4, 5, 1, 5, 1];[0.0, 0.25, 0.0, 0.25, 0.25, 0.25, 0.0, 0.25, 0.0, 0.0, 0.0, 0.25];1.0
[0, 0, 0, 0, 1, 1, 4, 4, 2, 2, 1, 1, 3, 3, 2, 2, 4, 4, 3, 3, 5, 5, 5, 5];[0.0, 0.0, 0.0, 0.0, 0.0, 0.0, 0.0, 0.5, 0.0, 0.0, 0.5, 0.0];1.0
[0, 1, 0, 1, 1, 5, 1, 5, 2, 2, 2, 2, 0, 3, 0, 3, 4, 4, 4, 4, 5, 3, 5, 3];[0.0, 0.0, 0.5, 0.0, 0.0, 0.0, 0.0, 0.5, 0.0, 0.0, 0.0, 0.0];1.0
[3, 0, 3, 0, 0, 1, 0, 1, 2, 2, 2, 2, 3, 5, 3, 5, 4, 4, 4, 4, 1, 5, 1, 5];[0.4, 0.0, 0.0, 0.0, 0.0, 0.4, 0.4, 0.0, 0.0, 0.0, 0.0, 0.0];1.0
[4, 4, 0, 0, 1, 1, 1, 1, 2, 0, 2, 0, 3, 3, 3, 3, 5, 4, 5, 4, 5, 5, 2, 2];[0.0, 0.4, 0.4, 0.0, 0.0, 0.0, 0.0, 0.0, 0.0, 0.4, 0.0, 0.0];1.0
[2, 2, 0, 0, 1, 1, 1, 1, 2, 5, 2, 5, 3, 3, 3, 3, 0, 4, 0, 4, 5, 5, 4, 4];[0.0, 0.0, 0.0, 0.0, 0.0, 0.0, 0.0, 0.6666666666666666, 0.0, 0.0, 0.0, 0.0];1.0
[0, 0, 0, 0, 1, 1, 2, 2, 2, 2, 3, 3, 3, 3, 4, 4, 4, 4, 1, 1, 5, 5, 5, 5];[0.6666666666666666, 0.0, 0.0, 0.0, 0.0, 0.0, 0.0, 0.0, 0.0, 0.0, 0.0, 0.0];1.0
[0, 0, 1, 1, 2, 2, 1, 5, 0, 3, 2, 2, 4, 4, 0, 3, 1, 5, 4, 4, 5, 3, 5, 3];[0.13333333333333333, 0.13333333333333333, 0.13333333333333333, 0.13333333333333333, 0.13333333333333333, 0.13333333333333333, 0.13333333333333333, 0.13333333333333333, 0.13333333333333333, 0.13333333333333333, 0.2, 0.13333333333333333];0.7071067811865475
[0, 1, 0, 1, 1, 5, 1, 5, 2, 2, 2, 2, 0, 3, 0, 3, 4, 4, 4, 4, 5, 3, 5, 3];[0.6666666666666666, 0.0, 0.0, 0.0, 0.0, 0.0, 0.0, 0.0, 0.0, 0.0, 0.0, 0.0];1.0
[2, 2, 0, 1, 1, 5, 1, 5, 2, 3, 2, 5, 0, 0, 3, 3, 1, 4, 0, 4, 5, 3, 4, 4];[0.0, 0.0, 0.0, 0.0, 0.3333333333333333, 0.3333333333333333, 0.0, 0.3333333333333333, 0.0, 0.3333333333333333, 0.0, 0.0];0.7071067811865475
[0, 1, 0, 1, 1, 5, 2, 2, 2, 2, 0, 3, 0, 3, 4, 4, 4, 4, 1, 5, 3, 3, 5, 5];[0.03636363636363636, 0.03636363636363636, 0.03636363636363636, 0.03636363636363636, 0.03636363636363636, 0.03636363636363636, 0.03636363636363636, 0.03636363636363636, 0.7818181818181819, 0.03636363636363636, 0.03636363636363636, 0.03636363636363636];0.7071067811865475
[0, 1, 0, 1, 1, 5, 1, 5, 2, 2, 2, 2, 0, 3, 0, 3, 4, 4, 4, 4, 5, 3, 5, 3];[0.046511627906976744, 0.046511627906976744, 0.16279069767441862, 0.046511627906976744, 0.13953488372093023, 0.046511627906976744, 0.13953488372093023, 0.18604651162790697, 0.046511627906976744, 0.046511627906976744, 0.27906976744186046, 0.046511627906976744];1.0
[1, 1, 0, 0, 4, 4, 1, 5, 1, 5, 2, 2, 2, 2, 0, 3, 0, 3, 4, 4, 5, 3, 5, 3];[0.16666666666666666, 0.16666666666666666, 0.16666666666666666, 0.16666666666666666, 0.0, 0.0, 0.16666666666666666, 0.16666666666666666, 0.16666666666666666, 0.16666666666666666, 0.16666666666666666, 0.16666666666666666];0.7071067811865475
[1, 1, 1, 1, 5, 5, 5, 5, 2, 2, 2, 2, 0, 0, 0, 0, 4, 4, 4, 4, 3, 3, 3, 3];[0.3333333333333333, 0.0, 0.3333333333333333, 0.0, 0.0, 0.0, 0.0, 0.0, 0.0, 0.3333333333333333, 0.0, 0.3333333333333333];0.7071067811865475
[0, 5, 0, 5, 1, 3, 1, 3, 2, 2, 2, 2, 1, 3, 1, 3, 4, 4, 4, 4, 5, 0, 5, 0];[0.0, 0.3333333333333333, 0.3333333333333333, 0.0, 0.0, 0.3333333333333333, 0.0, 0.0, 0.0, 0.3333333333333333, 0.0, 0.0];0.7071067811865475
[3, 1, 3, 1, 0, 5, 0, 5, 2, 2, 2, 2, 0, 5, 0, 5, 4, 4, 4, 4, 1, 3, 1, 3];[0.25, 0.25, 0.0, 0.25, 0.0, 0.25, 0.0, 0.0, 0.0, 0.25, 0.0, 0.25];0.7071067811865475
[4, 4, 0, 1, 1, 5, 1, 5, 2, 0, 2, 1, 3, 3, 0, 0, 5, 4, 3, 4, 5, 3, 2, 2];[0.0, 0.0, 0.2857142857142857, 0.0, 0.2857142857142857, 0.0, 0.2857142857142857, 0.2857142857142857, 0.2857142857142857, 0.0, 0.0, 0.0];0.7071067811865475
[2, 2, 0, 1, 1, 5, 1, 5, 2, 3, 2, 5, 0, 0, 3, 3, 1, 4, 0, 4, 5, 3, 4, 4];[0.02857142857142857, 0.02857142857142857, 0.8285714285714286, 0.02857142857142857, 0.02857142857142857, 0.02857142857142857, 0.02857142857142857, 0.02857142857142857, 0.02857142857142857, 0.02857142857142857, 0.02857142857142857, 0.02857142857142857];0.7071067811865475
[0, 1, 0, 1, 1, 5, 1, 5, 2, 2, 2, 2, 0, 3, 0, 3, 4, 4, 4, 4, 5, 3, 5, 3];[0.3448275862068966, 0.08620689655172414, 0.034482758620689655, 0.034482758620689655, 0.10344827586206896, 0.034482758620689655, 0.034482758620689655, 0.1206896551724138, 0.034482758620689655, 0.034482758620689655, 0.20689655172413793, 0.10344827586206896];1.0
[0, 1, 4, 4, 1, 1, 5, 5, 0, 2, 1, 2, 0, 3, 0, 3, 4, 5, 4, 3, 2, 2, 5, 3];[0.1, 0.4, 0.1, 0.1, 0.1, 0.1, 0.1, 0.1, 0.1, 0.1, 0.1, 0.1];0.7071067811865475
[0, 1, 0, 1, 1, 5, 1, 5, 2, 2, 2, 2, 0, 3, 0, 3, 4, 4, 4, 4, 5, 3, 5, 3];[0.25, 0.25, 0.0, 0.0, 0.0, 0.25, 0.25, 0.25, 0.0, 0.0, 0.25, 0.0];1.0
[1, 1, 0, 0, 4, 4, 1, 5, 1, 5, 2, 2, 2, 2, 0, 3, 0, 3, 4, 4, 5, 3, 5, 3];[0.16666666666666666, 0.16666666666666666, 0.16666666666666666, 0.0, 0.0, 0.16666666666666666, 0.16666666666666666, 0.16666666666666666, 0.16666666666666666, 0.16666666666666666, 0.16666666666666666, 0.16666666666666666];0.7071067811865475
[0, 5, 0, 5, 1, 3, 1, 3, 2, 2, 2, 2, 1, 3, 1, 3, 4, 4, 4, 4, 5, 0, 5, 0];[0.3333333333333333, 0.0, 0.3333333333333333, 0.0, 0.0, 0.0, 0.0, 0.3333333333333333, 0.0, 0.0, 0.3333333333333333, 0.0];0.7071067811865475
[3, 1, 3, 1, 0, 5, 0, 5, 2, 2, 2, 2, 0, 5, 0, 5, 4, 4, 4, 4, 1, 3, 1, 3];[0.0, 0.2857142857142857, 0.0, 0.0, 0.2857142857142857, 0.0, 0.2857142857142857, 0.0, 0.0, 0.2857142857142857, 0.2857142857142857, 0.0];0.7071067811865475
[0, 1, 2, 2, 5, 5, 1, 1, 3, 2, 5, 2, 0, 3, 0, 3, 4, 1, 4, 0, 4, 4, 5, 3];[0.0, 0.0, 0.0, 0.0, 0.0, 0.0, 0.4, 0.4, 0.0, 0.0, 0.4, 0.0];0.7071067811865475
[0, 0, 1, 1, 2, 2, 1, 5, 0, 3, 2, 2, 4, 4, 0, 3, 1, 5, 4, 4, 5, 3, 5, 3];[0.3333333333333333, 0.0, 0.3333333333333333, 0.0, 0.0, 0.0, 0.0, 0.0, 0.0, 0.3333333333333333, 0.0, 0.3333333333333333];0.7071067811865475
